,src_filename,bin_filename,dimensions
0,10007.schematic,10007.bin,"(61, 20, 44)"
1,10009.schematic,10009.bin,"(75, 41, 75)"
2,10012.schematic,10012.bin,"(2, 49, 59)"
3,10014.schematic,10014.bin,"(2, 46, 36)"
4,10015.schematic,10015.bin,"(36, 36, 13)"
5,10018.schematic,10018.bin,"(17, 12, 26)"
6,10021.schematic,10021.bin,"(84, 116, 70)"
7,10022.schematic,10022.bin,"(61, 66, 162)"
8,10025.schematic,10025.bin,"(19, 20, 13)"
9,10026.schematic,10026.bin,"(28, 27, 24)"
10,10027.schematic,10027.bin,"(15, 18, 13)"
11,10040.schematic,10040.bin,"(11, 11, 15)"
12,10042.schematic,10042.bin,"(19, 14, 19)"
13,10043.schematic,10043.bin,"(158, 44, 112)"
14,10047.schematic,10047.bin,"(63, 19, 62)"
15,10050.schematic,10050.bin,"(20, 26, 18)"
16,10051.schematic,10051.bin,"(7, 4, 10)"
17,10052.schematic,10052.bin,"(87, 36, 59)"
18,10053.schematic,10053.bin,"(1, 83, 62)"
19,10068.schematic,10068.bin,"(35, 19, 30)"
20,10069.schematic,10069.bin,"(36, 32, 39)"
21,10073.schematic,10073.bin,"(13, 11, 14)"
22,10081.schematic,10081.bin,"(24, 29, 22)"
23,10083.schematic,10083.bin,"(67, 46, 36)"
24,10094.schematic,10094.bin,"(23, 28, 14)"
25,10126.schematic,10126.bin,"(19, 13, 13)"
26,10128.schematic,10128.bin,"(10, 12, 9)"
27,10129.schematic,10129.bin,"(18, 27, 17)"
28,10135.schematic,10135.bin,"(23, 18, 23)"
29,10137.schematic,10137.bin,"(67, 145, 67)"
30,10143.schematic,10143.bin,"(15, 15, 14)"
31,10151.schematic,10151.bin,"(43, 21, 32)"
32,10163.schematic,10163.bin,"(15, 14, 15)"
33,10177.schematic,10177.bin,"(57, 20, 48)"
34,10178.schematic,10178.bin,"(26, 19, 15)"
35,10179.schematic,10179.bin,"(313, 89, 431)"
36,10183.schematic,10183.bin,"(11, 16, 15)"
37,10184.schematic,10184.bin,"(25, 13, 13)"
38,10185.schematic,10185.bin,"(15, 18, 27)"
39,10207.schematic,10207.bin,"(17, 11, 16)"
40,10208.schematic,10208.bin,"(7, 6, 7)"
41,10210.schematic,10210.bin,"(21, 4, 18)"
42,10211.schematic,10211.bin,"(12, 10, 16)"
43,10212.schematic,10212.bin,"(12, 14, 32)"
44,10213.schematic,10213.bin,"(3, 29, 5)"
45,10215.schematic,10215.bin,"(37, 30, 26)"
46,10217.schematic,10217.bin,"(10, 3, 5)"
47,10218.schematic,10218.bin,"(5, 31, 43)"
48,10219.schematic,10219.bin,"(100, 51, 166)"
49,10220.schematic,10220.bin,"(390, 174, 375)"
50,10228.schematic,10228.bin,"(20, 20, 24)"
51,10230.schematic,10230.bin,"(14, 25, 14)"
52,10231.schematic,10231.bin,"(38, 27, 19)"
53,10232.schematic,10232.bin,"(11, 10, 11)"
54,10233.schematic,10233.bin,"(3, 37, 18)"
55,10235.schematic,10235.bin,"(115, 185, 125)"
56,10237.schematic,10237.bin,"(19, 19, 19)"
57,10250.schematic,10250.bin,"(11, 5, 11)"
58,10262.schematic,10262.bin,"(21, 21, 17)"
59,10266.schematic,10266.bin,"(23, 11, 28)"
60,10275.schematic,10275.bin,"(57, 39, 65)"
61,10300.schematic,10300.bin,"(47, 28, 27)"
62,10301.schematic,10301.bin,"(17, 12, 33)"
63,10337.schematic,10337.bin,"(22, 20, 24)"
64,10338.schematic,10338.bin,"(11, 10, 10)"
65,10340.schematic,10340.bin,"(81, 27, 63)"
66,10342.schematic,10342.bin,"(37, 13, 37)"
67,10344.schematic,10344.bin,"(9, 7, 17)"
68,10348.schematic,10348.bin,"(8, 5, 32)"
69,10352.schematic,10352.bin,"(9, 10, 7)"
70,10358.schematic,10358.bin,"(16, 24, 43)"
71,10362.schematic,10362.bin,"(31, 24, 31)"
72,10364.schematic,10364.bin,"(19, 13, 13)"
73,10367.schematic,10367.bin,"(16, 17, 16)"
74,10369.schematic,10369.bin,"(9, 9, 7)"
75,10376.schematic,10376.bin,"(16, 27, 16)"
76,10379.schematic,10379.bin,"(19, 14, 24)"
77,10385.schematic,10385.bin,"(46, 165, 108)"
78,10387.schematic,10387.bin,"(111, 94, 31)"
79,10402.schematic,10402.bin,"(34, 33, 2)"
80,10419.schematic,10419.bin,"(29, 20, 27)"
81,10423.schematic,10423.bin,"(11, 13, 10)"
82,10424.schematic,10424.bin,"(8, 22, 17)"
83,10425.schematic,10425.bin,"(8, 22, 17)"
84,10427.schematic,10427.bin,"(43, 21, 25)"
85,10436.schematic,10436.bin,"(68, 29, 68)"
86,10437.schematic,10437.bin,"(21, 12, 23)"
87,10444.schematic,10444.bin,"(7, 5, 6)"
88,10445.schematic,10445.bin,"(30, 14, 24)"
89,10446.schematic,10446.bin,"(19, 12, 26)"
90,10448.schematic,10448.bin,"(45, 11, 43)"
91,10449.schematic,10449.bin,"(29, 13, 17)"
92,10452.schematic,10452.bin,"(16, 14, 25)"
93,10454.schematic,10454.bin,"(51, 52, 75)"
94,10456.schematic,10456.bin,"(26, 16, 30)"
95,10458.schematic,10458.bin,"(13, 16, 13)"
96,10467.schematic,10467.bin,"(38, 3, 39)"
97,10468.schematic,10468.bin,"(98, 39, 97)"
98,10469.schematic,10469.bin,"(19, 38, 23)"
99,10470.schematic,10470.bin,"(21, 14, 32)"
100,10472.schematic,10472.bin,"(28, 21, 28)"
101,10476.schematic,10476.bin,"(22, 36, 62)"
102,10478.schematic,10478.bin,"(33, 47, 34)"
103,10479.schematic,10479.bin,"(23, 14, 30)"
104,10480.schematic,10480.bin,"(28, 27, 25)"
105,10482.schematic,10482.bin,"(20, 11, 23)"
106,10483.schematic,10483.bin,"(20, 10, 15)"
107,10485.schematic,10485.bin,"(21, 45, 22)"
108,10486.schematic,10486.bin,"(23, 18, 23)"
109,10487.schematic,10487.bin,"(35, 21, 23)"
110,10488.schematic,10488.bin,"(45, 14, 45)"
111,10490.schematic,10490.bin,"(59, 20, 40)"
112,10493.schematic,10493.bin,"(76, 29, 87)"
113,10494.schematic,10494.bin,"(32, 23, 33)"
114,10498.schematic,10498.bin,"(15, 9, 41)"
115,10499.schematic,10499.bin,"(15, 9, 14)"
116,10503.schematic,10503.bin,"(112, 17, 112)"
117,10513.schematic,10513.bin,"(5, 1, 5)"
118,10519.schematic,10519.bin,"(125, 56, 125)"
119,10520.schematic,10520.bin,"(45, 42, 26)"
120,10521.schematic,10521.bin,"(17, 13, 11)"
121,10529.schematic,10529.bin,"(53, 70, 72)"
122,10530.schematic,10530.bin,"(21, 17, 46)"
123,10531.schematic,10531.bin,"(120, 1, 121)"
124,10533.schematic,10533.bin,"(16, 11, 10)"
125,10552.schematic,10552.bin,"(17, 26, 15)"
126,10558.schematic,10558.bin,"(28, 55, 30)"
127,10564.schematic,10564.bin,"(8, 6, 15)"
128,10566.schematic,10566.bin,"(16, 8, 8)"
129,10567.schematic,10567.bin,"(39, 21, 30)"
130,10571.schematic,10571.bin,"(95, 39, 94)"
131,10578.schematic,10578.bin,"(14, 12, 16)"
132,10582.schematic,10582.bin,"(10, 7, 8)"
133,10583.schematic,10583.bin,"(16, 13, 16)"
134,10590.schematic,10590.bin,"(60, 1, 68)"
135,10596.schematic,10596.bin,"(78, 34, 78)"
136,10629.schematic,10629.bin,"(18, 45, 17)"
137,10644.schematic,10644.bin,"(26, 21, 8)"
138,10649.schematic,10649.bin,"(19, 37, 19)"
139,10656.schematic,10656.bin,"(22, 22, 23)"
140,10657.schematic,10657.bin,"(14, 37, 17)"
141,10662.schematic,10662.bin,"(7, 5, 5)"
142,10663.schematic,10663.bin,"(12, 8, 17)"
143,10664.schematic,10664.bin,"(7, 6, 5)"
144,10699.schematic,10699.bin,"(502, 109, 334)"
145,10700.schematic,10700.bin,"(32, 14, 34)"
146,10705.schematic,10705.bin,"(30, 25, 29)"
147,10714.schematic,10714.bin,"(75, 143, 75)"
148,10721.schematic,10721.bin,"(16, 16, 16)"
149,10723.schematic,10723.bin,"(65, 17, 37)"
150,10724.schematic,10724.bin,"(26, 31, 30)"
151,10726.schematic,10726.bin,"(62, 31, 62)"
152,10736.schematic,10736.bin,"(31, 15, 16)"
153,10741.schematic,10741.bin,"(22, 18, 11)"
154,10766.schematic,10766.bin,"(128, 1, 128)"
155,10773.schematic,10773.bin,"(81, 100, 37)"
156,10774.schematic,10774.bin,"(124, 72, 78)"
157,10777.schematic,10777.bin,"(7, 4, 5)"
158,10778.schematic,10778.bin,"(5, 8, 9)"
159,10786.schematic,10786.bin,"(62, 30, 62)"
160,10792.schematic,10792.bin,"(23, 22, 31)"
161,10797.schematic,10797.bin,"(29, 14, 25)"
162,10802.schematic,10802.bin,"(19, 11, 12)"
163,10807.schematic,10807.bin,"(6, 9, 10)"
164,10812.schematic,10812.bin,"(70, 14, 68)"
165,10817.schematic,10817.bin,"(68, 24, 66)"
166,10826.schematic,10826.bin,"(79, 69, 78)"
167,10831.schematic,10831.bin,"(20, 54, 23)"
168,10832.schematic,10832.bin,"(13, 36, 13)"
169,10833.schematic,10833.bin,"(17, 24, 16)"
170,10844.schematic,10844.bin,"(41, 112, 49)"
171,10848.schematic,10848.bin,"(89, 37, 88)"
172,10867.schematic,10867.bin,"(1, 17, 17)"
173,10875.schematic,10875.bin,"(25, 39, 24)"
174,10876.schematic,10876.bin,"(13, 14, 13)"
175,10877.schematic,10877.bin,"(16, 15, 16)"
176,10878.schematic,10878.bin,"(68, 51, 68)"
177,10880.schematic,10880.bin,"(29, 41, 30)"
178,10882.schematic,10882.bin,"(13, 15, 14)"
179,10883.schematic,10883.bin,"(11, 15, 11)"
180,10884.schematic,10884.bin,"(15, 10, 15)"
181,10885.schematic,10885.bin,"(7, 10, 27)"
182,10887.schematic,10887.bin,"(11, 12, 10)"
183,10896.schematic,10896.bin,"(20, 6, 7)"
184,10897.schematic,10897.bin,"(11, 20, 19)"
185,10903.schematic,10903.bin,"(42, 11, 32)"
186,10905.schematic,10905.bin,"(31, 19, 31)"
187,10906.schematic,10906.bin,"(20, 14, 20)"
188,10907.schematic,10907.bin,"(60, 14, 40)"
189,10908.schematic,10908.bin,"(17, 14, 22)"
190,10917.schematic,10917.bin,"(19, 4, 19)"
191,10926.schematic,10926.bin,"(109, 52, 99)"
192,10938.schematic,10938.bin,"(130, 78, 130)"
193,10951.schematic,10951.bin,"(20, 9, 13)"
194,10954.schematic,10954.bin,"(115, 13, 50)"
195,10956.schematic,10956.bin,"(15, 12, 37)"
196,10957.schematic,10957.bin,"(23, 17, 21)"
197,10959.schematic,10959.bin,"(42, 118, 43)"
198,10965.schematic,10965.bin,"(21, 12, 18)"
199,10966.schematic,10966.bin,"(25, 19, 23)"
200,10967.schematic,10967.bin,"(33, 16, 22)"
201,10969.schematic,10969.bin,"(18, 22, 27)"
202,10970.schematic,10970.bin,"(18, 22, 27)"
203,10971.schematic,10971.bin,"(19, 16, 16)"
204,10972.schematic,10972.bin,"(42, 16, 52)"
205,10973.schematic,10973.bin,"(24, 9, 10)"
206,10974.schematic,10974.bin,"(15, 9, 18)"
207,10975.schematic,10975.bin,"(24, 24, 22)"
208,10985.schematic,10985.bin,"(30, 11, 89)"
209,10986.schematic,10986.bin,"(16, 64, 25)"
210,10990.schematic,10990.bin,"(19, 1, 12)"
211,10991.schematic,10991.bin,"(16, 11, 20)"
212,10996.schematic,10996.bin,"(5, 2, 5)"
213,11002.schematic,11002.bin,"(33, 21, 45)"
214,11003.schematic,11003.bin,"(5, 4, 7)"
215,11004.schematic,11004.bin,"(20, 10, 18)"
216,11005.schematic,11005.bin,"(12, 14, 10)"
217,11009.schematic,11009.bin,"(32, 18, 13)"
218,11010.schematic,11010.bin,"(16, 18, 13)"
219,11011.schematic,11011.bin,"(64, 18, 13)"
220,11012.schematic,11012.bin,"(27, 69, 27)"
221,11013.schematic,11013.bin,"(15, 34, 16)"
222,11014.schematic,11014.bin,"(15, 66, 16)"
223,11015.schematic,11015.bin,"(31, 34, 32)"
224,11016.schematic,11016.bin,"(31, 64, 32)"
225,11019.schematic,11019.bin,"(17, 34, 17)"
226,11020.schematic,11020.bin,"(17, 34, 17)"
227,11033.schematic,11033.bin,"(102, 45, 102)"
228,11035.schematic,11035.bin,"(104, 252, 105)"
229,11036.schematic,11036.bin,"(9, 13, 11)"
230,11037.schematic,11037.bin,"(11, 10, 11)"
231,11038.schematic,11038.bin,"(20, 29, 67)"
232,11040.schematic,11040.bin,"(5, 4, 3)"
233,11044.schematic,11044.bin,"(86, 61, 104)"
234,11047.schematic,11047.bin,"(20, 14, 23)"
235,11048.schematic,11048.bin,"(16, 18, 20)"
236,11049.schematic,11049.bin,"(7, 8, 12)"
237,11050.schematic,11050.bin,"(17, 8, 8)"
238,11051.schematic,11051.bin,"(61, 48, 69)"
239,11053.schematic,11053.bin,"(9, 6, 12)"
240,11054.schematic,11054.bin,"(15, 18, 19)"
241,11055.schematic,11055.bin,"(6, 7, 6)"
242,11056.schematic,11056.bin,"(9, 7, 13)"
243,11057.schematic,11057.bin,"(26, 8, 17)"
244,11058.schematic,11058.bin,"(23, 33, 23)"
245,11060.schematic,11060.bin,"(15, 13, 15)"
246,11061.schematic,11061.bin,"(31, 8, 31)"
247,11064.schematic,11064.bin,"(69, 61, 31)"
248,11067.schematic,11067.bin,"(8, 1, 8)"
249,11068.schematic,11068.bin,"(32, 23, 24)"
250,11069.schematic,11069.bin,"(32, 10, 9)"
251,11070.schematic,11070.bin,"(16, 17, 16)"
252,11071.schematic,11071.bin,"(60, 63, 104)"
253,11072.schematic,11072.bin,"(31, 12, 45)"
254,11073.schematic,11073.bin,"(31, 12, 55)"
255,11074.schematic,11074.bin,"(33, 24, 39)"
256,11075.schematic,11075.bin,"(33, 25, 55)"
257,11076.schematic,11076.bin,"(100, 27, 100)"
258,11079.schematic,11079.bin,"(131, 109, 131)"
259,11081.schematic,11081.bin,"(77, 30, 46)"
260,11083.schematic,11083.bin,"(64, 19, 51)"
261,11096.schematic,11096.bin,"(11, 9, 11)"
262,11101.schematic,11101.bin,"(11, 10, 11)"
263,11105.schematic,11105.bin,"(18, 8, 17)"
264,11107.schematic,11107.bin,"(66, 47, 1)"
265,11114.schematic,11114.bin,"(45, 17, 38)"
266,11120.schematic,11120.bin,"(26, 12, 22)"
267,11121.schematic,11121.bin,"(11, 11, 11)"
268,11122.schematic,11122.bin,"(11, 11, 11)"
269,11124.schematic,11124.bin,"(11, 9, 12)"
270,11125.schematic,11125.bin,"(31, 23, 30)"
271,11126.schematic,11126.bin,"(43, 64, 43)"
272,11128.schematic,11128.bin,"(19, 19, 30)"
273,11132.schematic,11132.bin,"(27, 12, 23)"
274,11141.schematic,11141.bin,"(29, 14, 22)"
275,11144.schematic,11144.bin,"(22, 17, 16)"
276,11146.schematic,11146.bin,"(34, 13, 30)"
277,11147.schematic,11147.bin,"(26, 13, 27)"
278,11156.schematic,11156.bin,"(35, 64, 37)"
279,11157.schematic,11157.bin,"(35, 15, 29)"
280,11158.schematic,11158.bin,"(150, 52, 150)"
281,11159.schematic,11159.bin,"(13, 9, 11)"
282,11160.schematic,11160.bin,"(29, 8, 7)"
283,11161.schematic,11161.bin,"(9, 17, 12)"
284,11162.schematic,11162.bin,"(30, 17, 38)"
285,11165.schematic,11165.bin,"(22, 17, 27)"
286,11168.schematic,11168.bin,"(46, 32, 36)"
287,11169.schematic,11169.bin,"(18, 22, 18)"
288,11174.schematic,11174.bin,"(19, 11, 15)"
289,11175.schematic,11175.bin,"(22, 10, 29)"
290,11178.schematic,11178.bin,"(21, 13, 20)"
291,11179.schematic,11179.bin,"(35, 39, 21)"
292,11180.schematic,11180.bin,"(23, 17, 17)"
293,11182.schematic,11182.bin,"(48, 48, 49)"
294,11183.schematic,11183.bin,"(15, 23, 77)"
295,11185.schematic,11185.bin,"(50, 18, 43)"
296,11186.schematic,11186.bin,"(80, 25, 48)"
297,11187.schematic,11187.bin,"(59, 11, 33)"
298,11188.schematic,11188.bin,"(23, 17, 32)"
299,11189.schematic,11189.bin,"(17, 37, 19)"
300,11190.schematic,11190.bin,"(23, 9, 19)"
301,11206.schematic,11206.bin,"(54, 28, 35)"
302,11207.schematic,11207.bin,"(40, 16, 31)"
303,11214.schematic,11214.bin,"(129, 192, 141)"
304,11215.schematic,11215.bin,"(89, 35, 69)"
305,11216.schematic,11216.bin,"(141, 69, 135)"
306,11219.schematic,11219.bin,"(20, 15, 20)"
307,11222.schematic,11222.bin,"(37, 18, 31)"
308,11227.schematic,11227.bin,"(98, 39, 129)"
309,11231.schematic,11231.bin,"(28, 16, 28)"
310,11232.schematic,11232.bin,"(20, 10, 20)"
311,11233.schematic,11233.bin,"(41, 8, 5)"
312,11234.schematic,11234.bin,"(50, 23, 37)"
313,11235.schematic,11235.bin,"(96, 48, 47)"
314,11236.schematic,11236.bin,"(40, 16, 32)"
315,11238.schematic,11238.bin,"(21, 26, 20)"
316,11240.schematic,11240.bin,"(50, 26, 51)"
317,11241.schematic,11241.bin,"(32, 38, 29)"
318,11243.schematic,11243.bin,"(56, 40, 76)"
319,11244.schematic,11244.bin,"(55, 54, 1)"
320,11254.schematic,11254.bin,"(22, 17, 23)"
321,11265.schematic,11265.bin,"(98, 101, 98)"
322,11266.schematic,11266.bin,"(49, 51, 57)"
323,11267.schematic,11267.bin,"(19, 15, 8)"
324,11268.schematic,11268.bin,"(47, 16, 18)"
325,11269.schematic,11269.bin,"(25, 29, 24)"
326,11271.schematic,11271.bin,"(28, 17, 32)"
327,11272.schematic,11272.bin,"(14, 10, 14)"
328,11273.schematic,11273.bin,"(30, 19, 21)"
329,11283.schematic,11283.bin,"(12, 10, 16)"
330,11286.schematic,11286.bin,"(239, 179, 85)"
331,11289.schematic,11289.bin,"(29, 13, 29)"
332,11293.schematic,11293.bin,"(119, 67, 78)"
333,11294.schematic,11294.bin,"(18, 15, 19)"
334,11305.schematic,11305.bin,"(12, 5, 4)"
335,11307.schematic,11307.bin,"(20, 9, 23)"
336,11309.schematic,11309.bin,"(49, 26, 37)"
337,11310.schematic,11310.bin,"(12, 11, 12)"
338,11311.schematic,11311.bin,"(30, 13, 7)"
339,11312.schematic,11312.bin,"(7, 10, 5)"
340,11313.schematic,11313.bin,"(32, 64, 32)"
341,11314.schematic,11314.bin,"(516, 242, 516)"
342,11316.schematic,11316.bin,"(14, 17, 13)"
343,11317.schematic,11317.bin,"(43, 33, 47)"
344,11318.schematic,11318.bin,"(126, 46, 126)"
345,11327.schematic,11327.bin,"(88, 227, 61)"
346,11328.schematic,11328.bin,"(92, 94, 89)"
347,11331.schematic,11331.bin,"(15, 14, 15)"
348,11346.schematic,11346.bin,"(19, 22, 20)"
349,11359.schematic,11359.bin,"(9, 17, 15)"
350,11360.schematic,11360.bin,"(280, 70, 258)"
351,11361.schematic,11361.bin,"(11, 11, 10)"
352,11362.schematic,11362.bin,"(14, 3, 14)"
353,11363.schematic,11363.bin,"(233, 92, 333)"
354,11366.schematic,11366.bin,"(61, 62, 61)"
355,11369.schematic,11369.bin,"(128, 72, 1)"
356,11371.schematic,11371.bin,"(53, 26, 53)"
357,11373.schematic,11373.bin,"(17, 14, 19)"
358,11374.schematic,11374.bin,"(20, 13, 17)"
359,11375.schematic,11375.bin,"(16, 8, 17)"
360,11376.schematic,11376.bin,"(16, 19, 21)"
361,11378.schematic,11378.bin,"(7, 11, 7)"
362,11379.schematic,11379.bin,"(68, 34, 51)"
363,11380.schematic,11380.bin,"(34, 22, 37)"
364,11382.schematic,11382.bin,"(29, 19, 42)"
365,11391.schematic,11391.bin,"(19, 24, 15)"
366,11395.schematic,11395.bin,"(36, 27, 35)"
367,11397.schematic,11397.bin,"(38, 32, 38)"
368,11400.schematic,11400.bin,"(31, 26, 28)"
369,11401.schematic,11401.bin,"(31, 17, 47)"
370,11402.schematic,11402.bin,"(19, 20, 31)"
371,11405.schematic,11405.bin,"(37, 10, 20)"
372,11406.schematic,11406.bin,"(61, 20, 35)"
373,11409.schematic,11409.bin,"(61, 29, 117)"
374,11411.schematic,11411.bin,"(146, 151, 237)"
375,11412.schematic,11412.bin,"(29, 6, 4)"
376,11413.schematic,11413.bin,"(80, 60, 80)"
377,11414.schematic,11414.bin,"(29, 15, 26)"
378,11417.schematic,11417.bin,"(27, 19, 26)"
379,11418.schematic,11418.bin,"(22, 24, 25)"
380,11419.schematic,11419.bin,"(14, 14, 17)"
381,11420.schematic,11420.bin,"(19, 28, 42)"
382,11422.schematic,11422.bin,"(14, 11, 10)"
383,11423.schematic,11423.bin,"(6, 8, 6)"
384,11428.schematic,11428.bin,"(29, 16, 14)"
385,11429.schematic,11429.bin,"(25, 20, 27)"
386,11430.schematic,11430.bin,"(39, 19, 21)"
387,11432.schematic,11432.bin,"(80, 12, 80)"
388,11433.schematic,11433.bin,"(100, 40, 100)"
389,11434.schematic,11434.bin,"(1, 15, 15)"
390,11437.schematic,11437.bin,"(15, 64, 15)"
391,11438.schematic,11438.bin,"(15, 46, 16)"
392,11441.schematic,11441.bin,"(241, 66, 74)"
393,11446.schematic,11446.bin,"(9, 9, 10)"
394,11448.schematic,11448.bin,"(49, 26, 13)"
395,11449.schematic,11449.bin,"(31, 24, 42)"
396,11450.schematic,11450.bin,"(14, 10, 26)"
397,11456.schematic,11456.bin,"(15, 11, 15)"
398,11457.schematic,11457.bin,"(12, 9, 12)"
399,11458.schematic,11458.bin,"(32, 22, 19)"
400,11459.schematic,11459.bin,"(13, 12, 17)"
401,11460.schematic,11460.bin,"(13, 9, 13)"
402,11462.schematic,11462.bin,"(31, 13, 41)"
403,11463.schematic,11463.bin,"(18, 18, 31)"
404,11464.schematic,11464.bin,"(19, 69, 19)"
405,11465.schematic,11465.bin,"(15, 86, 15)"
406,11466.schematic,11466.bin,"(48, 22, 20)"
407,11467.schematic,11467.bin,"(56, 49, 44)"
408,11468.schematic,11468.bin,"(15, 21, 19)"
409,11469.schematic,11469.bin,"(7, 22, 45)"
410,11470.schematic,11470.bin,"(7, 21, 20)"
411,11471.schematic,11471.bin,"(20, 12, 21)"
412,11472.schematic,11472.bin,"(18, 43, 19)"
413,11473.schematic,11473.bin,"(8, 25, 37)"
414,11475.schematic,11475.bin,"(16, 11, 18)"
415,11476.schematic,11476.bin,"(30, 25, 18)"
416,11480.schematic,11480.bin,"(14, 13, 20)"
417,11481.schematic,11481.bin,"(12, 38, 11)"
418,11482.schematic,11482.bin,"(91, 72, 29)"
419,11483.schematic,11483.bin,"(78, 21, 19)"
420,11486.schematic,11486.bin,"(26, 15, 28)"
421,11487.schematic,11487.bin,"(58, 32, 27)"
422,11491.schematic,11491.bin,"(7, 9, 16)"
423,11492.schematic,11492.bin,"(17, 12, 10)"
424,11494.schematic,11494.bin,"(12, 9, 11)"
425,11495.schematic,11495.bin,"(11, 16, 16)"
426,11496.schematic,11496.bin,"(7, 8, 10)"
427,11497.schematic,11497.bin,"(7, 6, 10)"
428,11498.schematic,11498.bin,"(13, 17, 16)"
429,11501.schematic,11501.bin,"(30, 77, 30)"
430,11502.schematic,11502.bin,"(62, 42, 65)"
431,11503.schematic,11503.bin,"(232, 135, 231)"
432,11508.schematic,11508.bin,"(157, 113, 46)"
433,11509.schematic,11509.bin,"(18, 11, 21)"
434,11514.schematic,11514.bin,"(16, 18, 16)"
435,11515.schematic,11515.bin,"(20, 24, 14)"
436,11516.schematic,11516.bin,"(7, 11, 19)"
437,11522.schematic,11522.bin,"(19, 28, 26)"
438,11525.schematic,11525.bin,"(51, 257, 61)"
439,11526.schematic,11526.bin,"(12, 30, 12)"
440,11527.schematic,11527.bin,"(10, 23, 15)"
441,11528.schematic,11528.bin,"(51, 29, 52)"
442,11529.schematic,11529.bin,"(18, 13, 18)"
443,11532.schematic,11532.bin,"(16, 17, 17)"
444,11544.schematic,11544.bin,"(15, 27, 103)"
445,11548.schematic,11548.bin,"(45, 44, 45)"
446,11554.schematic,11554.bin,"(162, 66, 43)"
447,11557.schematic,11557.bin,"(22, 14, 19)"
448,11558.schematic,11558.bin,"(49, 37, 69)"
449,11563.schematic,11563.bin,"(35, 20, 59)"
450,11564.schematic,11564.bin,"(44, 24, 40)"
451,11565.schematic,11565.bin,"(47, 23, 45)"
452,11566.schematic,11566.bin,"(21, 53, 21)"
453,11571.schematic,11571.bin,"(15, 54, 48)"
454,11572.schematic,11572.bin,"(29, 9, 23)"
455,11573.schematic,11573.bin,"(21, 83, 18)"
456,11577.schematic,11577.bin,"(14, 13, 16)"
457,11578.schematic,11578.bin,"(11, 10, 7)"
458,11579.schematic,11579.bin,"(51, 14, 72)"
459,11586.schematic,11586.bin,"(41, 21, 31)"
460,11587.schematic,11587.bin,"(40, 36, 29)"
461,11588.schematic,11588.bin,"(17, 28, 15)"
462,11589.schematic,11589.bin,"(17, 28, 15)"
463,11598.schematic,11598.bin,"(11, 10, 17)"
464,11600.schematic,11600.bin,"(40, 36, 20)"
465,11605.schematic,11605.bin,"(24, 17, 24)"
466,11608.schematic,11608.bin,"(52, 47, 37)"
467,11621.schematic,11621.bin,"(17, 16, 21)"
468,11629.schematic,11629.bin,"(30, 22, 22)"
469,11638.schematic,11638.bin,"(39, 42, 33)"
470,11640.schematic,11640.bin,"(52, 33, 31)"
471,11641.schematic,11641.bin,"(10, 4, 5)"
472,11642.schematic,11642.bin,"(30, 13, 18)"
473,11646.schematic,11646.bin,"(28, 12, 32)"
474,11649.schematic,11649.bin,"(46, 17, 74)"
475,11651.schematic,11651.bin,"(124, 36, 89)"
476,11655.schematic,11655.bin,"(11, 12, 11)"
477,11656.schematic,11656.bin,"(23, 22, 28)"
478,11664.schematic,11664.bin,"(87, 25, 74)"
479,11668.schematic,11668.bin,"(7, 8, 7)"
480,11672.schematic,11672.bin,"(12, 13, 12)"
481,11673.schematic,11673.bin,"(18, 13, 11)"
482,11674.schematic,11674.bin,"(11, 10, 19)"
483,11675.schematic,11675.bin,"(35, 22, 31)"
484,11695.schematic,11695.bin,"(89, 26, 56)"
485,11698.schematic,11698.bin,"(8, 22, 17)"
486,11699.schematic,11699.bin,"(19, 21, 24)"
487,11702.schematic,11702.bin,"(87, 48, 1)"
488,11703.schematic,11703.bin,"(144, 11, 130)"
489,11742.schematic,11742.bin,"(60, 51, 53)"
490,11778.schematic,11778.bin,"(7, 4, 9)"
491,11780.schematic,11780.bin,"(7, 5, 7)"
492,11826.schematic,11826.bin,"(20, 29, 19)"
493,11881.schematic,11881.bin,"(5, 4, 9)"
494,11882.schematic,11882.bin,"(5, 5, 12)"
495,11883.schematic,11883.bin,"(7, 6, 15)"
496,11887.schematic,11887.bin,"(15, 6, 16)"
497,11903.schematic,11903.bin,"(10, 9, 9)"
498,11946.schematic,11946.bin,"(42, 37, 23)"
499,11950.schematic,11950.bin,"(49, 64, 49)"
500,11967.schematic,11967.bin,"(11, 14, 36)"
501,11973.schematic,11973.bin,"(18, 16, 19)"
502,11974.schematic,11974.bin,"(20, 15, 17)"
503,11977.schematic,11977.bin,"(60, 12, 51)"
504,11978.schematic,11978.bin,"(13, 24, 13)"
505,11982.schematic,11982.bin,"(49, 31, 17)"
506,11987.schematic,11987.bin,"(18, 18, 17)"
507,11988.schematic,11988.bin,"(10, 10, 12)"
508,11989.schematic,11989.bin,"(10, 14, 23)"
509,11990.schematic,11990.bin,"(44, 66, 49)"
510,11991.schematic,11991.bin,"(11, 5, 12)"
511,11994.schematic,11994.bin,"(13, 28, 60)"
512,11995.schematic,11995.bin,"(23, 15, 27)"
513,12001.schematic,12001.bin,"(16, 10, 16)"
514,12017.schematic,12017.bin,"(13, 15, 17)"
515,12018.schematic,12018.bin,"(162, 28, 143)"
516,12022.schematic,12022.bin,"(16, 19, 16)"
517,12026.schematic,12026.bin,"(19, 21, 34)"
518,12027.schematic,12027.bin,"(45, 54, 50)"
519,12028.schematic,12028.bin,"(87, 73, 167)"
520,12029.schematic,12029.bin,"(25, 11, 54)"
521,12033.schematic,12033.bin,"(22, 11, 18)"
522,12045.schematic,12045.bin,"(450, 240, 220)"
523,12046.schematic,12046.bin,"(116, 46, 86)"
524,12047.schematic,12047.bin,"(29, 30, 33)"
525,12049.schematic,12049.bin,"(50, 37, 47)"
526,12060.schematic,12060.bin,"(10, 76, 10)"
527,12061.schematic,12061.bin,"(32, 1, 37)"
528,12064.schematic,12064.bin,"(95, 56, 255)"
529,12065.schematic,12065.bin,"(18, 38, 23)"
530,12066.schematic,12066.bin,"(6, 6, 3)"
531,12067.schematic,12067.bin,"(53, 101, 31)"
532,12069.schematic,12069.bin,"(56, 73, 56)"
533,12071.schematic,12071.bin,"(8, 25, 8)"
534,12072.schematic,12072.bin,"(17, 9, 35)"
535,12074.schematic,12074.bin,"(14, 25, 13)"
536,12075.schematic,12075.bin,"(22, 28, 21)"
537,12079.schematic,12079.bin,"(16, 23, 14)"
538,12082.schematic,12082.bin,"(22, 10, 13)"
539,12084.schematic,12084.bin,"(9, 10, 9)"
540,12085.schematic,12085.bin,"(20, 11, 18)"
541,12086.schematic,12086.bin,"(22, 6, 6)"
542,12090.schematic,12090.bin,"(23, 27, 24)"
543,12105.schematic,12105.bin,"(98, 63, 96)"
544,12106.schematic,12106.bin,"(13, 12, 19)"
545,12107.schematic,12107.bin,"(11, 10, 11)"
546,12108.schematic,12108.bin,"(19, 15, 11)"
547,12109.schematic,12109.bin,"(29, 26, 27)"
548,12110.schematic,12110.bin,"(21, 36, 21)"
549,12137.schematic,12137.bin,"(34, 31, 33)"
550,12139.schematic,12139.bin,"(15, 11, 26)"
551,12143.schematic,12143.bin,"(12, 35, 12)"
552,12144.schematic,12144.bin,"(19, 24, 12)"
553,12145.schematic,12145.bin,"(12, 13, 12)"
554,12146.schematic,12146.bin,"(12, 13, 13)"
555,12147.schematic,12147.bin,"(13, 19, 12)"
556,12148.schematic,12148.bin,"(13, 16, 21)"
557,12149.schematic,12149.bin,"(17, 31, 17)"
558,12150.schematic,12150.bin,"(17, 13, 17)"
559,12152.schematic,12152.bin,"(12, 19, 12)"
560,12153.schematic,12153.bin,"(27, 19, 12)"
561,12154.schematic,12154.bin,"(13, 18, 13)"
562,12155.schematic,12155.bin,"(15, 17, 15)"
563,12156.schematic,12156.bin,"(30, 33, 14)"
564,12157.schematic,12157.bin,"(12, 14, 13)"
565,12158.schematic,12158.bin,"(18, 23, 13)"
566,12159.schematic,12159.bin,"(31, 23, 21)"
567,12161.schematic,12161.bin,"(24, 8, 22)"
568,12162.schematic,12162.bin,"(31, 67, 28)"
569,12171.schematic,12171.bin,"(14, 17, 32)"
570,12177.schematic,12177.bin,"(13, 60, 14)"
571,12186.schematic,12186.bin,"(13, 19, 14)"
572,12191.schematic,12191.bin,"(81, 6, 81)"
573,12192.schematic,12192.bin,"(26, 40, 27)"
574,12199.schematic,12199.bin,"(12, 23, 25)"
575,12205.schematic,12205.bin,"(4, 50, 52)"
576,12206.schematic,12206.bin,"(46, 22, 40)"
577,12209.schematic,12209.bin,"(38, 49, 30)"
578,12213.schematic,12213.bin,"(8, 8, 8)"
579,12214.schematic,12214.bin,"(103, 70, 73)"
580,12216.schematic,12216.bin,"(50, 22, 44)"
581,12222.schematic,12222.bin,"(50, 164, 50)"
582,12223.schematic,12223.bin,"(50, 164, 50)"
583,12230.schematic,12230.bin,"(7, 3, 5)"
584,12233.schematic,12233.bin,"(17, 37, 17)"
585,12249.schematic,12249.bin,"(30, 18, 30)"
586,12255.schematic,12255.bin,"(19, 10, 27)"
587,12258.schematic,12258.bin,"(34, 12, 35)"
588,12259.schematic,12259.bin,"(18, 31, 18)"
589,12260.schematic,12260.bin,"(150, 64, 150)"
590,12261.schematic,12261.bin,"(13, 8, 14)"
591,12262.schematic,12262.bin,"(3, 20, 17)"
592,12263.schematic,12263.bin,"(23, 19, 19)"
593,12264.schematic,12264.bin,"(210, 133, 209)"
594,12265.schematic,12265.bin,"(105, 45, 105)"
595,12266.schematic,12266.bin,"(11, 21, 28)"
596,12268.schematic,12268.bin,"(5, 7, 5)"
597,12269.schematic,12269.bin,"(7, 87, 89)"
598,12270.schematic,12270.bin,"(53, 18, 51)"
599,12271.schematic,12271.bin,"(11, 18, 11)"
600,12272.schematic,12272.bin,"(11, 20, 12)"
601,12273.schematic,12273.bin,"(16, 35, 16)"
602,12274.schematic,12274.bin,"(23, 6, 9)"
603,12275.schematic,12275.bin,"(3, 7, 6)"
604,12276.schematic,12276.bin,"(68, 42, 54)"
605,12279.schematic,12279.bin,"(6, 10, 13)"
606,12280.schematic,12280.bin,"(8, 7, 13)"
607,12281.schematic,12281.bin,"(9, 12, 23)"
608,12289.schematic,12289.bin,"(49, 21, 29)"
609,12292.schematic,12292.bin,"(5, 5, 6)"
610,12293.schematic,12293.bin,"(14, 13, 12)"
611,12296.schematic,12296.bin,"(26, 13, 26)"
612,12298.schematic,12298.bin,"(15, 5, 13)"
613,12299.schematic,12299.bin,"(24, 18, 21)"
614,12302.schematic,12302.bin,"(45, 22, 47)"
615,12307.schematic,12307.bin,"(13, 20, 13)"
616,12308.schematic,12308.bin,"(15, 39, 25)"
617,12312.schematic,12312.bin,"(31, 41, 29)"
618,12320.schematic,12320.bin,"(25, 24, 23)"
619,12332.schematic,12332.bin,"(7, 241, 7)"
620,12343.schematic,12343.bin,"(15, 27, 15)"
621,12344.schematic,12344.bin,"(19, 25, 19)"
622,12346.schematic,12346.bin,"(25, 34, 25)"
623,12347.schematic,12347.bin,"(9, 15, 9)"
624,12350.schematic,12350.bin,"(16, 43, 16)"
625,12360.schematic,12360.bin,"(45, 17, 33)"
626,12365.schematic,12365.bin,"(6, 11, 7)"
627,12368.schematic,12368.bin,"(42, 64, 42)"
628,12369.schematic,12369.bin,"(17, 78, 17)"
629,12374.schematic,12374.bin,"(25, 34, 29)"
630,12376.schematic,12376.bin,"(19, 8, 14)"
631,12379.schematic,12379.bin,"(20, 25, 25)"
632,12382.schematic,12382.bin,"(19, 25, 19)"
633,12386.schematic,12386.bin,"(36, 25, 47)"
634,12388.schematic,12388.bin,"(49, 21, 49)"
635,12391.schematic,12391.bin,"(10, 7, 13)"
636,12392.schematic,12392.bin,"(10, 9, 11)"
637,12394.schematic,12394.bin,"(13, 17, 39)"
638,12396.schematic,12396.bin,"(7, 5, 82)"
639,12399.schematic,12399.bin,"(10, 2, 4)"
640,12400.schematic,12400.bin,"(11, 16, 41)"
641,12401.schematic,12401.bin,"(9, 2, 5)"
642,12403.schematic,12403.bin,"(27, 36, 28)"
643,12405.schematic,12405.bin,"(21, 15, 21)"
644,12406.schematic,12406.bin,"(19, 39, 101)"
645,12408.schematic,12408.bin,"(25, 24, 18)"
646,12409.schematic,12409.bin,"(20, 20, 21)"
647,12410.schematic,12410.bin,"(16, 15, 21)"
648,12411.schematic,12411.bin,"(12, 17, 21)"
649,12412.schematic,12412.bin,"(67, 24, 55)"
650,12415.schematic,12415.bin,"(21, 31, 18)"
651,12416.schematic,12416.bin,"(18, 21, 23)"
652,12418.schematic,12418.bin,"(57, 19, 46)"
653,12420.schematic,12420.bin,"(7, 2, 7)"
654,12421.schematic,12421.bin,"(3, 9, 7)"
655,12424.schematic,12424.bin,"(60, 59, 60)"
656,12425.schematic,12425.bin,"(5, 4, 1)"
657,12426.schematic,12426.bin,"(5, 4, 7)"
658,12427.schematic,12427.bin,"(31, 18, 31)"
659,12432.schematic,12432.bin,"(23, 16, 25)"
660,12433.schematic,12433.bin,"(38, 18, 33)"
661,12436.schematic,12436.bin,"(9, 8, 9)"
662,12437.schematic,12437.bin,"(8, 12, 24)"
663,12438.schematic,12438.bin,"(42, 28, 92)"
664,12440.schematic,12440.bin,"(13, 10, 7)"
665,12441.schematic,12441.bin,"(19, 18, 18)"
666,12445.schematic,12445.bin,"(51, 57, 269)"
667,12447.schematic,12447.bin,"(33, 14, 27)"
668,12448.schematic,12448.bin,"(27, 17, 28)"
669,12449.schematic,12449.bin,"(84, 52, 87)"
670,12450.schematic,12450.bin,"(300, 256, 300)"
671,12451.schematic,12451.bin,"(95, 64, 95)"
672,12453.schematic,12453.bin,"(13, 9, 13)"
673,12455.schematic,12455.bin,"(11, 10, 25)"
674,12459.schematic,12459.bin,"(172, 88, 204)"
675,12462.schematic,12462.bin,"(41, 20, 57)"
676,12463.schematic,12463.bin,"(22, 24, 22)"
677,12464.schematic,12464.bin,"(18, 16, 19)"
678,12465.schematic,12465.bin,"(30, 39, 40)"
679,12466.schematic,12466.bin,"(36, 30, 35)"
680,12467.schematic,12467.bin,"(47, 9, 7)"
681,12468.schematic,12468.bin,"(17, 14, 23)"
682,12469.schematic,12469.bin,"(36, 15, 29)"
683,12470.schematic,12470.bin,"(13, 13, 13)"
684,12471.schematic,12471.bin,"(8, 14, 11)"
685,12474.schematic,12474.bin,"(41, 19, 43)"
686,12475.schematic,12475.bin,"(22, 27, 21)"
687,12476.schematic,12476.bin,"(27, 41, 50)"
688,12479.schematic,12479.bin,"(31, 23, 28)"
689,12480.schematic,12480.bin,"(27, 27, 17)"
690,12481.schematic,12481.bin,"(67, 32, 50)"
691,12483.schematic,12483.bin,"(12, 4, 15)"
692,12484.schematic,12484.bin,"(16, 7, 15)"
693,12485.schematic,12485.bin,"(44, 18, 59)"
694,12488.schematic,12488.bin,"(10, 9, 9)"
695,12490.schematic,12490.bin,"(36, 27, 36)"
696,12493.schematic,12493.bin,"(21, 13, 30)"
697,12494.schematic,12494.bin,"(16, 11, 13)"
698,12495.schematic,12495.bin,"(40, 25, 18)"
699,12496.schematic,12496.bin,"(19, 14, 17)"
700,12497.schematic,12497.bin,"(2, 18, 10)"
701,12498.schematic,12498.bin,"(7, 18, 7)"
702,12502.schematic,12502.bin,"(13, 21, 15)"
703,12505.schematic,12505.bin,"(26, 31, 34)"
704,12506.schematic,12506.bin,"(90, 21, 74)"
705,12507.schematic,12507.bin,"(12, 10, 11)"
706,12509.schematic,12509.bin,"(67, 29, 63)"
707,12510.schematic,12510.bin,"(1, 59, 84)"
708,12511.schematic,12511.bin,"(18, 13, 16)"
709,12512.schematic,12512.bin,"(10, 6, 6)"
710,12513.schematic,12513.bin,"(17, 18, 22)"
711,12514.schematic,12514.bin,"(6, 10, 6)"
712,12515.schematic,12515.bin,"(8, 5, 10)"
713,12518.schematic,12518.bin,"(31, 11, 27)"
714,12519.schematic,12519.bin,"(25, 19, 32)"
715,12526.schematic,12526.bin,"(20, 17, 21)"
716,12531.schematic,12531.bin,"(19, 21, 17)"
717,12533.schematic,12533.bin,"(44, 29, 36)"
718,12534.schematic,12534.bin,"(1, 78, 85)"
719,12535.schematic,12535.bin,"(16, 16, 16)"
720,12546.schematic,12546.bin,"(13, 115, 13)"
721,12547.schematic,12547.bin,"(47, 16, 31)"
722,12552.schematic,12552.bin,"(20, 48, 16)"
723,12553.schematic,12553.bin,"(34, 21, 36)"
724,12554.schematic,12554.bin,"(30, 22, 39)"
725,12555.schematic,12555.bin,"(32, 23, 49)"
726,12557.schematic,12557.bin,"(27, 29, 23)"
727,12559.schematic,12559.bin,"(43, 23, 37)"
728,12562.schematic,12562.bin,"(23, 21, 23)"
729,12565.schematic,12565.bin,"(125, 67, 125)"
730,12566.schematic,12566.bin,"(41, 5, 31)"
731,12584.schematic,12584.bin,"(24, 18, 19)"
732,12585.schematic,12585.bin,"(23, 14, 17)"
733,12586.schematic,12586.bin,"(147, 143, 174)"
734,12587.schematic,12587.bin,"(66, 75, 75)"
735,12624.schematic,12624.bin,"(17, 36, 24)"
736,12637.schematic,12637.bin,"(114, 99, 115)"
737,12644.schematic,12644.bin,"(63, 25, 64)"
738,12646.schematic,12646.bin,"(1, 27, 31)"
739,12647.schematic,12647.bin,"(19, 1, 26)"
740,12659.schematic,12659.bin,"(27, 20, 36)"
741,12660.schematic,12660.bin,"(71, 95, 84)"
742,12664.schematic,12664.bin,"(28, 30, 29)"
743,12667.schematic,12667.bin,"(21, 9, 26)"
744,12670.schematic,12670.bin,"(16, 7, 16)"
745,12671.schematic,12671.bin,"(19, 5, 4)"
746,12672.schematic,12672.bin,"(7, 14, 7)"
747,12673.schematic,12673.bin,"(37, 37, 37)"
748,12674.schematic,12674.bin,"(1, 101, 78)"
749,12675.schematic,12675.bin,"(48, 79, 39)"
750,12676.schematic,12676.bin,"(99, 21, 99)"
751,12677.schematic,12677.bin,"(71, 49, 71)"
752,12680.schematic,12680.bin,"(128, 1, 128)"
753,12687.schematic,12687.bin,"(15, 18, 43)"
754,12688.schematic,12688.bin,"(21, 27, 70)"
755,12689.schematic,12689.bin,"(31, 38, 105)"
756,12690.schematic,12690.bin,"(9, 5, 13)"
757,12696.schematic,12696.bin,"(23, 103, 87)"
758,12698.schematic,12698.bin,"(16, 35, 15)"
759,12699.schematic,12699.bin,"(8, 9, 61)"
760,12700.schematic,12700.bin,"(5, 8, 5)"
761,12701.schematic,12701.bin,"(5, 8, 5)"
762,12727.schematic,12727.bin,"(101, 82, 86)"
763,12734.schematic,12734.bin,"(59, 187, 105)"
764,12740.schematic,12740.bin,"(16, 55, 26)"
765,12741.schematic,12741.bin,"(16, 55, 26)"
766,12746.schematic,12746.bin,"(29, 60, 31)"
767,12747.schematic,12747.bin,"(75, 19, 105)"
768,12748.schematic,12748.bin,"(15, 34, 15)"
769,12757.schematic,12757.bin,"(15, 35, 15)"
770,12760.schematic,12760.bin,"(16, 16, 22)"
771,12765.schematic,12765.bin,"(19, 11, 9)"
772,12771.schematic,12771.bin,"(10, 19, 192)"
773,12777.schematic,12777.bin,"(302, 139, 361)"
774,12778.schematic,12778.bin,"(25, 15, 25)"
775,12782.schematic,12782.bin,"(21, 11, 23)"
776,12783.schematic,12783.bin,"(23, 17, 22)"
777,12795.schematic,12795.bin,"(6, 9, 14)"
778,12817.schematic,12817.bin,"(58, 35, 62)"
779,12822.schematic,12822.bin,"(7, 5, 7)"
780,12824.schematic,12824.bin,"(22, 11, 13)"
781,12825.schematic,12825.bin,"(36, 28, 40)"
782,12827.schematic,12827.bin,"(43, 43, 36)"
783,12838.schematic,12838.bin,"(37, 44, 37)"
784,12841.schematic,12841.bin,"(4, 41, 5)"
785,12842.schematic,12842.bin,"(17, 8, 17)"
786,12896.schematic,12896.bin,"(28, 15, 18)"
787,12897.schematic,12897.bin,"(22, 15, 16)"
788,12942.schematic,12942.bin,"(23, 32, 25)"
789,12944.schematic,12944.bin,"(9, 7, 7)"
790,12945.schematic,12945.bin,"(99, 34, 71)"
791,12956.schematic,12956.bin,"(32, 32, 32)"
792,12957.schematic,12957.bin,"(10, 7, 16)"
793,12980.schematic,12980.bin,"(32, 17, 31)"
794,12992.schematic,12992.bin,"(53, 27, 32)"
795,12997.schematic,12997.bin,"(7, 147, 38)"
796,12998.schematic,12998.bin,"(184, 45, 184)"
797,13001.schematic,13001.bin,"(106, 29, 183)"
798,13002.schematic,13002.bin,"(46, 62, 53)"
799,13004.schematic,13004.bin,"(1, 42, 47)"
800,13005.schematic,13005.bin,"(74, 130, 71)"
801,13008.schematic,13008.bin,"(12, 7, 10)"
802,13029.schematic,13029.bin,"(60, 23, 28)"
803,13030.schematic,13030.bin,"(62, 28, 71)"
804,13031.schematic,13031.bin,"(60, 9, 55)"
805,13032.schematic,13032.bin,"(28, 34, 30)"
806,13033.schematic,13033.bin,"(31, 25, 34)"
807,13034.schematic,13034.bin,"(31, 25, 34)"
808,13037.schematic,13037.bin,"(67, 5, 5)"
809,13038.schematic,13038.bin,"(120, 124, 1)"
810,13039.schematic,13039.bin,"(37, 44, 12)"
811,13040.schematic,13040.bin,"(18, 5, 11)"
812,13043.schematic,13043.bin,"(54, 40, 39)"
813,13054.schematic,13054.bin,"(44, 112, 164)"
814,13058.schematic,13058.bin,"(100, 104, 101)"
815,13061.schematic,13061.bin,"(105, 109, 110)"
816,13065.schematic,13065.bin,"(52, 60, 52)"
817,13081.schematic,13081.bin,"(35, 37, 42)"
818,13094.schematic,13094.bin,"(88, 24, 68)"
819,13095.schematic,13095.bin,"(26, 84, 49)"
820,13096.schematic,13096.bin,"(39, 7, 32)"
821,13097.schematic,13097.bin,"(31, 9, 35)"
822,13098.schematic,13098.bin,"(27, 10, 31)"
823,13099.schematic,13099.bin,"(42, 56, 42)"
824,13100.schematic,13100.bin,"(46, 32, 23)"
825,13104.schematic,13104.bin,"(14, 45, 64)"
826,13105.schematic,13105.bin,"(105, 121, 109)"
827,13106.schematic,13106.bin,"(45, 80, 70)"
828,13108.schematic,13108.bin,"(19, 10, 16)"
829,13109.schematic,13109.bin,"(144, 104, 147)"
830,13110.schematic,13110.bin,"(13, 10, 13)"
831,13117.schematic,13117.bin,"(28, 15, 28)"
832,13124.schematic,13124.bin,"(31, 73, 89)"
833,13126.schematic,13126.bin,"(32, 102, 16)"
834,13127.schematic,13127.bin,"(60, 105, 57)"
835,13131.schematic,13131.bin,"(32, 53, 16)"
836,13132.schematic,13132.bin,"(45, 52, 86)"
837,13133.schematic,13133.bin,"(13, 11, 16)"
838,13134.schematic,13134.bin,"(27, 14, 21)"
839,13135.schematic,13135.bin,"(85, 132, 197)"
840,13137.schematic,13137.bin,"(10, 8, 11)"
841,13138.schematic,13138.bin,"(11, 26, 16)"
842,13139.schematic,13139.bin,"(13, 7, 13)"
843,13140.schematic,13140.bin,"(6, 9, 6)"
844,13141.schematic,13141.bin,"(9, 10, 9)"
845,13142.schematic,13142.bin,"(10, 10, 10)"
846,13143.schematic,13143.bin,"(12, 11, 13)"
847,13144.schematic,13144.bin,"(7, 7, 7)"
848,13145.schematic,13145.bin,"(25, 13, 15)"
849,13146.schematic,13146.bin,"(9, 10, 9)"
850,13148.schematic,13148.bin,"(127, 2, 127)"
851,13150.schematic,13150.bin,"(14, 18, 23)"
852,13155.schematic,13155.bin,"(38, 47, 173)"
853,13160.schematic,13160.bin,"(1, 33, 28)"
854,13165.schematic,13165.bin,"(12, 17, 6)"
855,13166.schematic,13166.bin,"(11, 19, 9)"
856,13170.schematic,13170.bin,"(38, 33, 42)"
857,13173.schematic,13173.bin,"(31, 59, 33)"
858,13175.schematic,13175.bin,"(68, 91, 60)"
859,13177.schematic,13177.bin,"(27, 239, 29)"
860,13183.schematic,13183.bin,"(5, 8, 30)"
861,13184.schematic,13184.bin,"(9, 10, 15)"
862,13187.schematic,13187.bin,"(55, 55, 46)"
863,13195.schematic,13195.bin,"(64, 38, 64)"
864,13196.schematic,13196.bin,"(13, 19, 12)"
865,13203.schematic,13203.bin,"(27, 12, 28)"
866,13205.schematic,13205.bin,"(16, 9, 50)"
867,13206.schematic,13206.bin,"(27, 12, 20)"
868,13207.schematic,13207.bin,"(39, 13, 19)"
869,13208.schematic,13208.bin,"(18, 35, 28)"
870,13209.schematic,13209.bin,"(15, 20, 48)"
871,13211.schematic,13211.bin,"(33, 167, 32)"
872,13213.schematic,13213.bin,"(50, 121, 50)"
873,13214.schematic,13214.bin,"(42, 13, 28)"
874,13215.schematic,13215.bin,"(23, 29, 28)"
875,13216.schematic,13216.bin,"(27, 28, 38)"
876,13218.schematic,13218.bin,"(307, 130, 172)"
877,13219.schematic,13219.bin,"(78, 19, 41)"
878,13221.schematic,13221.bin,"(18, 17, 43)"
879,13223.schematic,13223.bin,"(127, 33, 143)"
880,13224.schematic,13224.bin,"(29, 20, 25)"
881,13228.schematic,13228.bin,"(19, 1, 19)"
882,13229.schematic,13229.bin,"(53, 77, 67)"
883,13232.schematic,13232.bin,"(35, 22, 46)"
884,13243.schematic,13243.bin,"(152, 72, 146)"
885,13244.schematic,13244.bin,"(48, 255, 48)"
886,13247.schematic,13247.bin,"(46, 188, 46)"
887,13250.schematic,13250.bin,"(12, 12, 9)"
888,13251.schematic,13251.bin,"(73, 96, 73)"
889,13252.schematic,13252.bin,"(89, 64, 63)"
890,13258.schematic,13258.bin,"(63, 48, 63)"
891,13262.schematic,13262.bin,"(37, 24, 71)"
892,13266.schematic,13266.bin,"(66, 100, 122)"
893,13270.schematic,13270.bin,"(30, 98, 30)"
894,13276.schematic,13276.bin,"(23, 12, 26)"
895,13280.schematic,13280.bin,"(19, 18, 20)"
896,13281.schematic,13281.bin,"(52, 24, 41)"
897,13282.schematic,13282.bin,"(16, 20, 33)"
898,13283.schematic,13283.bin,"(121, 21, 77)"
899,13286.schematic,13286.bin,"(61, 44, 25)"
900,13295.schematic,13295.bin,"(47, 15, 20)"
901,13299.schematic,13299.bin,"(74, 38, 29)"
902,13300.schematic,13300.bin,"(51, 95, 120)"
903,13301.schematic,13301.bin,"(51, 95, 120)"
904,13305.schematic,13305.bin,"(262, 152, 262)"
905,13307.schematic,13307.bin,"(50, 120, 41)"
906,13309.schematic,13309.bin,"(50, 40, 69)"
907,13313.schematic,13313.bin,"(16, 17, 16)"
908,13335.schematic,13335.bin,"(27, 40, 27)"
909,13339.schematic,13339.bin,"(80, 90, 67)"
910,13342.schematic,13342.bin,"(16, 19, 12)"
911,13345.schematic,13345.bin,"(10, 3, 7)"
912,13347.schematic,13347.bin,"(34, 27, 33)"
913,13349.schematic,13349.bin,"(3, 6, 3)"
914,13350.schematic,13350.bin,"(12, 48, 15)"
915,13351.schematic,13351.bin,"(23, 15, 25)"
916,13352.schematic,13352.bin,"(7, 4, 5)"
917,13356.schematic,13356.bin,"(13, 18, 14)"
918,13359.schematic,13359.bin,"(14, 78, 19)"
919,13362.schematic,13362.bin,"(12, 37, 15)"
920,13363.schematic,13363.bin,"(28, 15, 18)"
921,13366.schematic,13366.bin,"(41, 61, 51)"
922,13369.schematic,13369.bin,"(12, 14, 15)"
923,13371.schematic,13371.bin,"(3, 5, 1)"
924,13377.schematic,13377.bin,"(71, 60, 71)"
925,13379.schematic,13379.bin,"(29, 37, 30)"
926,13381.schematic,13381.bin,"(58, 51, 60)"
927,13382.schematic,13382.bin,"(17, 20, 19)"
928,13383.schematic,13383.bin,"(17, 20, 19)"
929,13390.schematic,13390.bin,"(22, 17, 30)"
930,13393.schematic,13393.bin,"(30, 6, 16)"
931,13395.schematic,13395.bin,"(15, 12, 21)"
932,13398.schematic,13398.bin,"(134, 68, 68)"
933,13400.schematic,13400.bin,"(6, 29, 25)"
934,13403.schematic,13403.bin,"(13, 8, 23)"
935,13409.schematic,13409.bin,"(28, 20, 17)"
936,13414.schematic,13414.bin,"(31, 32, 31)"
937,13418.schematic,13418.bin,"(31, 32, 31)"
938,13420.schematic,13420.bin,"(206, 187, 131)"
939,13429.schematic,13429.bin,"(17, 11, 27)"
940,13436.schematic,13436.bin,"(152, 117, 151)"
941,13442.schematic,13442.bin,"(22, 53, 83)"
942,13447.schematic,13447.bin,"(7, 6, 9)"
943,13449.schematic,13449.bin,"(45, 69, 258)"
944,13452.schematic,13452.bin,"(4, 53, 54)"
945,13459.schematic,13459.bin,"(91, 80, 88)"
946,13463.schematic,13463.bin,"(118, 89, 149)"
947,13469.schematic,13469.bin,"(23, 21, 22)"
948,13472.schematic,13472.bin,"(12, 8, 15)"
949,13473.schematic,13473.bin,"(32, 180, 110)"
950,13480.schematic,13480.bin,"(27, 24, 27)"
951,13481.schematic,13481.bin,"(255, 3, 255)"
952,13483.schematic,13483.bin,"(256, 1, 187)"
953,13493.schematic,13493.bin,"(26, 11, 67)"
954,13497.schematic,13497.bin,"(25, 11, 17)"
955,13498.schematic,13498.bin,"(154, 37, 105)"
956,13505.schematic,13505.bin,"(211, 58, 113)"
957,13506.schematic,13506.bin,"(41, 39, 41)"
958,13507.schematic,13507.bin,"(52, 133, 46)"
959,13508.schematic,13508.bin,"(12, 16, 24)"
960,13518.schematic,13518.bin,"(20, 52, 20)"
961,13519.schematic,13519.bin,"(58, 31, 58)"
962,13542.schematic,13542.bin,"(48, 21, 66)"
963,13544.schematic,13544.bin,"(29, 85, 57)"
964,13545.schematic,13545.bin,"(134, 17, 5)"
965,13546.schematic,13546.bin,"(15, 11, 7)"
966,13556.schematic,13556.bin,"(32, 13, 32)"
967,13564.schematic,13564.bin,"(23, 13, 26)"
968,13591.schematic,13591.bin,"(85, 19, 85)"
969,13595.schematic,13595.bin,"(11, 26, 17)"
970,13597.schematic,13597.bin,"(24, 28, 24)"
971,13598.schematic,13598.bin,"(45, 11, 37)"
972,13631.schematic,13631.bin,"(7, 11, 5)"
973,13635.schematic,13635.bin,"(36, 19, 36)"
974,13640.schematic,13640.bin,"(28, 46, 21)"
975,13645.schematic,13645.bin,"(7, 9, 7)"
976,13648.schematic,13648.bin,"(45, 86, 42)"
977,13653.schematic,13653.bin,"(50, 31, 33)"
978,13666.schematic,13666.bin,"(27, 34, 28)"
979,13668.schematic,13668.bin,"(17, 9, 10)"
980,13677.schematic,13677.bin,"(29, 73, 29)"
981,13683.schematic,13683.bin,"(21, 18, 17)"
982,13686.schematic,13686.bin,"(14, 21, 19)"
983,13687.schematic,13687.bin,"(15, 44, 16)"
984,13689.schematic,13689.bin,"(18, 14, 21)"
985,13692.schematic,13692.bin,"(8, 16, 15)"
986,13693.schematic,13693.bin,"(14, 30, 11)"
987,13694.schematic,13694.bin,"(16, 20, 8)"
988,13707.schematic,13707.bin,"(59, 15, 18)"
989,13716.schematic,13716.bin,"(34, 18, 30)"
990,13719.schematic,13719.bin,"(113, 162, 113)"
991,13752.schematic,13752.bin,"(61, 55, 46)"
992,13754.schematic,13754.bin,"(109, 203, 107)"
993,13755.schematic,13755.bin,"(67, 94, 64)"
994,13762.schematic,13762.bin,"(34, 101, 34)"
995,13763.schematic,13763.bin,"(37, 12, 5)"
996,13769.schematic,13769.bin,"(23, 18, 23)"
997,13781.schematic,13781.bin,"(92, 103, 191)"
998,13782.schematic,13782.bin,"(7, 13, 14)"
999,13783.schematic,13783.bin,"(26, 38, 99)"
1000,13784.schematic,13784.bin,"(161, 86, 4)"
1001,13785.schematic,13785.bin,"(34, 36, 41)"
1002,13787.schematic,13787.bin,"(9, 7, 8)"
1003,13788.schematic,13788.bin,"(14, 1, 14)"
1004,13796.schematic,13796.bin,"(14, 18, 20)"
1005,13821.schematic,13821.bin,"(14, 17, 17)"
1006,13832.schematic,13832.bin,"(25, 25, 42)"
1007,13833.schematic,13833.bin,"(10, 27, 10)"
1008,13852.schematic,13852.bin,"(18, 30, 20)"
1009,13853.schematic,13853.bin,"(21, 29, 28)"
1010,13857.schematic,13857.bin,"(35, 12, 39)"
1011,13862.schematic,13862.bin,"(31, 18, 9)"
1012,13866.schematic,13866.bin,"(38, 27, 38)"
1013,13867.schematic,13867.bin,"(40, 18, 9)"
1014,13868.schematic,13868.bin,"(37, 31, 41)"
1015,13899.schematic,13899.bin,"(146, 189, 16)"
1016,13919.schematic,13919.bin,"(37, 33, 18)"
1017,13920.schematic,13920.bin,"(24, 18, 26)"
1018,13948.schematic,13948.bin,"(153, 70, 121)"
1019,13966.schematic,13966.bin,"(30, 17, 46)"
1020,13983.schematic,13983.bin,"(12, 9, 11)"
1021,14004.schematic,14004.bin,"(236, 134, 254)"
1022,14008.schematic,14008.bin,"(18, 11, 22)"
1023,14040.schematic,14040.bin,"(55, 119, 161)"
1024,14041.schematic,14041.bin,"(139, 131, 44)"
1025,14047.schematic,14047.bin,"(194, 251, 237)"
1026,14055.schematic,14055.bin,"(21, 22, 21)"
1027,14056.schematic,14056.bin,"(17, 10, 16)"
1028,14057.schematic,14057.bin,"(15, 11, 18)"
1029,14064.schematic,14064.bin,"(70, 64, 69)"
1030,14065.schematic,14065.bin,"(70, 64, 69)"
1031,14079.schematic,14079.bin,"(16, 13, 21)"
1032,14088.schematic,14088.bin,"(272, 201, 408)"
1033,14105.schematic,14105.bin,"(16, 44, 16)"
1034,14106.schematic,14106.bin,"(26, 13, 26)"
1035,14111.schematic,14111.bin,"(19, 49, 19)"
1036,14113.schematic,14113.bin,"(1, 83, 80)"
1037,14120.schematic,14120.bin,"(52, 56, 51)"
1038,14121.schematic,14121.bin,"(13, 58, 10)"
1039,14156.schematic,14156.bin,"(39, 14, 39)"
1040,14162.schematic,14162.bin,"(53, 33, 39)"
1041,14168.schematic,14168.bin,"(72, 61, 70)"
1042,14170.schematic,14170.bin,"(40, 46, 27)"
1043,14171.schematic,14171.bin,"(91, 99, 79)"
1044,14172.schematic,14172.bin,"(78, 108, 93)"
1045,14173.schematic,14173.bin,"(145, 90, 131)"
1046,14175.schematic,14175.bin,"(58, 92, 109)"
1047,14186.schematic,14186.bin,"(33, 14, 34)"
1048,14187.schematic,14187.bin,"(33, 14, 34)"
1049,14195.schematic,14195.bin,"(18, 10, 19)"
1050,14196.schematic,14196.bin,"(58, 65, 50)"
1051,14205.schematic,14205.bin,"(5, 7, 4)"
1052,14206.schematic,14206.bin,"(3, 4, 4)"
1053,14207.schematic,14207.bin,"(8, 7, 5)"
1054,14208.schematic,14208.bin,"(14, 13, 13)"
1055,14217.schematic,14217.bin,"(15, 29, 26)"
1056,14222.schematic,14222.bin,"(23, 57, 82)"
1057,14226.schematic,14226.bin,"(7, 7, 5)"
1058,14230.schematic,14230.bin,"(29, 53, 21)"
1059,14231.schematic,14231.bin,"(25, 69, 33)"
1060,14232.schematic,14232.bin,"(95, 27, 113)"
1061,14235.schematic,14235.bin,"(9, 12, 9)"
1062,14236.schematic,14236.bin,"(17, 13, 13)"
1063,14237.schematic,14237.bin,"(53, 32, 50)"
1064,14242.schematic,14242.bin,"(36, 46, 41)"
1065,14243.schematic,14243.bin,"(48, 42, 49)"
1066,14249.schematic,14249.bin,"(15, 18, 13)"
1067,14258.schematic,14258.bin,"(19, 14, 19)"
1068,14279.schematic,14279.bin,"(122, 12, 26)"
1069,14286.schematic,14286.bin,"(26, 13, 13)"
1070,14287.schematic,14287.bin,"(17, 31, 15)"
1071,14299.schematic,14299.bin,"(15, 15, 15)"
1072,14300.schematic,14300.bin,"(15, 15, 15)"
1073,14301.schematic,14301.bin,"(15, 15, 15)"
1074,14338.schematic,14338.bin,"(49, 59, 57)"
1075,14342.schematic,14342.bin,"(14, 27, 29)"
1076,14349.schematic,14349.bin,"(26, 18, 26)"
1077,14350.schematic,14350.bin,"(81, 69, 87)"
1078,14359.schematic,14359.bin,"(15, 9, 18)"
1079,14373.schematic,14373.bin,"(17, 65, 18)"
1080,14381.schematic,14381.bin,"(36, 22, 30)"
1081,14382.schematic,14382.bin,"(8, 7, 11)"
1082,14387.schematic,14387.bin,"(1, 109, 127)"
1083,14388.schematic,14388.bin,"(46, 8, 26)"
1084,14394.schematic,14394.bin,"(22, 43, 22)"
1085,14395.schematic,14395.bin,"(67, 20, 61)"
1086,14415.schematic,14415.bin,"(77, 63, 69)"
1087,14428.schematic,14428.bin,"(169, 43, 39)"
1088,14430.schematic,14430.bin,"(36, 92, 221)"
1089,14432.schematic,14432.bin,"(5, 6, 5)"
1090,14442.schematic,14442.bin,"(1, 109, 123)"
1091,14444.schematic,14444.bin,"(68, 50, 29)"
1092,14456.schematic,14456.bin,"(28, 16, 18)"
1093,14458.schematic,14458.bin,"(1, 143, 252)"
1094,14462.schematic,14462.bin,"(108, 61, 109)"
1095,14465.schematic,14465.bin,"(95, 91, 92)"
1096,14469.schematic,14469.bin,"(63, 33, 63)"
1097,14471.schematic,14471.bin,"(18, 45, 11)"
1098,14484.schematic,14484.bin,"(32, 30, 35)"
1099,14485.schematic,14485.bin,"(11, 33, 14)"
1100,14501.schematic,14501.bin,"(1, 86, 106)"
1101,14515.schematic,14515.bin,"(2, 25, 23)"
1102,14525.schematic,14525.bin,"(61, 33, 61)"
1103,14526.schematic,14526.bin,"(61, 33, 61)"
1104,14550.schematic,14550.bin,"(1, 115, 88)"
1105,14571.schematic,14571.bin,"(41, 22, 22)"
1106,14572.schematic,14572.bin,"(136, 2, 141)"
1107,14586.schematic,14586.bin,"(6, 5, 4)"
1108,14589.schematic,14589.bin,"(15, 12, 11)"
1109,14590.schematic,14590.bin,"(1, 109, 87)"
1110,14594.schematic,14594.bin,"(75, 20, 88)"
1111,14595.schematic,14595.bin,"(131, 44, 59)"
1112,14598.schematic,14598.bin,"(17, 24, 15)"
1113,14599.schematic,14599.bin,"(62, 63, 84)"
1114,14604.schematic,14604.bin,"(165, 155, 104)"
1115,14605.schematic,14605.bin,"(51, 54, 51)"
1116,14606.schematic,14606.bin,"(165, 155, 104)"
1117,14636.schematic,14636.bin,"(1, 109, 93)"
1118,14655.schematic,14655.bin,"(29, 27, 23)"
1119,14658.schematic,14658.bin,"(14, 19, 15)"
1120,14659.schematic,14659.bin,"(11, 16, 11)"
1121,14665.schematic,14665.bin,"(1, 109, 94)"
1122,14668.schematic,14668.bin,"(8, 11, 12)"
1123,14672.schematic,14672.bin,"(20, 7, 8)"
1124,14673.schematic,14673.bin,"(31, 31, 28)"
1125,14674.schematic,14674.bin,"(14, 12, 13)"
1126,14676.schematic,14676.bin,"(21, 9, 13)"
1127,14681.schematic,14681.bin,"(1, 141, 134)"
1128,14683.schematic,14683.bin,"(42, 18, 32)"
1129,14688.schematic,14688.bin,"(29, 27, 36)"
1130,14689.schematic,14689.bin,"(47, 38, 36)"
1131,14690.schematic,14690.bin,"(13, 26, 22)"
1132,14694.schematic,14694.bin,"(38, 53, 38)"
1133,14705.schematic,14705.bin,"(23, 20, 29)"
1134,14721.schematic,14721.bin,"(81, 4, 161)"
1135,14722.schematic,14722.bin,"(81, 3, 161)"
1136,14725.schematic,14725.bin,"(12, 7, 4)"
1137,14727.schematic,14727.bin,"(1, 141, 129)"
1138,14728.schematic,14728.bin,"(1, 141, 262)"
1139,14730.schematic,14730.bin,"(265, 52, 328)"
1140,14733.schematic,14733.bin,"(2, 112, 83)"
1141,14736.schematic,14736.bin,"(9, 9, 11)"
1142,14739.schematic,14739.bin,"(17, 20, 13)"
1143,14740.schematic,14740.bin,"(25, 10, 22)"
1144,14742.schematic,14742.bin,"(29, 26, 29)"
1145,14743.schematic,14743.bin,"(74, 29, 71)"
1146,14746.schematic,14746.bin,"(22, 17, 19)"
1147,14747.schematic,14747.bin,"(15, 46, 15)"
1148,14748.schematic,14748.bin,"(30, 8, 30)"
1149,14783.schematic,14783.bin,"(18, 17, 20)"
1150,14787.schematic,14787.bin,"(1, 141, 124)"
1151,14788.schematic,14788.bin,"(12, 17, 16)"
1152,14797.schematic,14797.bin,"(28, 13, 25)"
1153,14805.schematic,14805.bin,"(1, 141, 137)"
1154,14806.schematic,14806.bin,"(1, 141, 244)"
1155,14810.schematic,14810.bin,"(8, 16, 27)"
1156,14813.schematic,14813.bin,"(18, 22, 19)"
1157,14827.schematic,14827.bin,"(1, 141, 119)"
1158,14835.schematic,14835.bin,"(43, 43, 34)"
1159,14849.schematic,14849.bin,"(8, 10, 20)"
1160,14851.schematic,14851.bin,"(9, 9, 10)"
1161,14854.schematic,14854.bin,"(1, 141, 89)"
1162,14855.schematic,14855.bin,"(1, 141, 207)"
1163,14857.schematic,14857.bin,"(64, 36, 64)"
1164,14859.schematic,14859.bin,"(161, 1, 161)"
1165,14871.schematic,14871.bin,"(161, 45, 161)"
1166,14906.schematic,14906.bin,"(39, 78, 155)"
1167,14911.schematic,14911.bin,"(1, 254, 254)"
1168,14915.schematic,14915.bin,"(21, 48, 85)"
1169,14921.schematic,14921.bin,"(8, 6, 16)"
1170,14936.schematic,14936.bin,"(21, 29, 21)"
1171,14941.schematic,14941.bin,"(167, 53, 167)"
1172,14942.schematic,14942.bin,"(16, 37, 16)"
1173,14954.schematic,14954.bin,"(36, 28, 28)"
1174,14958.schematic,14958.bin,"(1, 225, 300)"
1175,14960.schematic,14960.bin,"(9, 3, 7)"
1176,14968.schematic,14968.bin,"(19, 38, 19)"
1177,14974.schematic,14974.bin,"(16, 13, 13)"
1178,15005.schematic,15005.bin,"(19, 9, 16)"
1179,15028.schematic,15028.bin,"(17, 8, 15)"
1180,15029.schematic,15029.bin,"(21, 15, 21)"
1181,15030.schematic,15030.bin,"(39, 9, 41)"
1182,15031.schematic,15031.bin,"(138, 115, 148)"
1183,15055.schematic,15055.bin,"(8, 6, 14)"
1184,15079.schematic,15079.bin,"(9, 33, 14)"
1185,15087.schematic,15087.bin,"(83, 86, 31)"
1186,15089.schematic,15089.bin,"(21, 47, 73)"
1187,15090.schematic,15090.bin,"(76, 40, 81)"
1188,15104.schematic,15104.bin,"(18, 117, 15)"
1189,15117.schematic,15117.bin,"(40, 34, 10)"
1190,15130.schematic,15130.bin,"(50, 71, 65)"
1191,15154.schematic,15154.bin,"(87, 34, 56)"
1192,15156.schematic,15156.bin,"(36, 29, 44)"
1193,15165.schematic,15165.bin,"(29, 22, 24)"
1194,15172.schematic,15172.bin,"(15, 11, 9)"
1195,15178.schematic,15178.bin,"(40, 56, 70)"
1196,15179.schematic,15179.bin,"(24, 22, 32)"
1197,15180.schematic,15180.bin,"(35, 50, 29)"
1198,15207.schematic,15207.bin,"(23, 13, 11)"
1199,15238.schematic,15238.bin,"(98, 68, 98)"
1200,15254.schematic,15254.bin,"(137, 155, 134)"
1201,15255.schematic,15255.bin,"(19, 14, 27)"
1202,15258.schematic,15258.bin,"(53, 11, 21)"
1203,15259.schematic,15259.bin,"(21, 27, 19)"
1204,15262.schematic,15262.bin,"(1, 5, 8)"
1205,15266.schematic,15266.bin,"(25, 16, 33)"
1206,15295.schematic,15295.bin,"(142, 69, 139)"
1207,15296.schematic,15296.bin,"(28, 23, 24)"
1208,15333.schematic,15333.bin,"(9, 7, 9)"
1209,15375.schematic,15375.bin,"(16, 79, 42)"
1210,15387.schematic,15387.bin,"(43, 37, 62)"
1211,15421.schematic,15421.bin,"(72, 80, 126)"
1212,15422.schematic,15422.bin,"(24, 15, 26)"
1213,15493.schematic,15493.bin,"(11, 34, 11)"
1214,15565.schematic,15565.bin,"(21, 14, 15)"
1215,15569.schematic,15569.bin,"(130, 188, 79)"
1216,15573.schematic,15573.bin,"(276, 219, 257)"
1217,15637.schematic,15637.bin,"(75, 104, 63)"
1218,15648.schematic,15648.bin,"(37, 18, 21)"
1219,15677.schematic,15677.bin,"(134, 16, 47)"
1220,15680.schematic,15680.bin,"(13, 2, 135)"
1221,15687.schematic,15687.bin,"(5, 3, 5)"
1222,15693.schematic,15693.bin,"(22, 35, 16)"
1223,15718.schematic,15718.bin,"(110, 20, 99)"
1224,15729.schematic,15729.bin,"(71, 71, 149)"
1225,15730.schematic,15730.bin,"(7, 17, 15)"
1226,15740.schematic,15740.bin,"(19, 50, 19)"
1227,15762.schematic,15762.bin,"(24, 21, 21)"
1228,15765.schematic,15765.bin,"(21, 14, 14)"
1229,15766.schematic,15766.bin,"(25, 21, 21)"
1230,15789.schematic,15789.bin,"(40, 28, 34)"
1231,15796.schematic,15796.bin,"(24, 23, 17)"
1232,15869.schematic,15869.bin,"(41, 38, 39)"
1233,15870.schematic,15870.bin,"(18, 30, 64)"
1234,15871.schematic,15871.bin,"(94, 59, 78)"
1235,15885.schematic,15885.bin,"(73, 40, 77)"
1236,15890.schematic,15890.bin,"(10, 7, 16)"
1237,15898.schematic,15898.bin,"(1252, 297, 1056)"
1238,15903.schematic,15903.bin,"(12, 4, 5)"
1239,15922.schematic,15922.bin,"(3, 43, 27)"
1240,15923.schematic,15923.bin,"(124, 79, 1)"
1241,15925.schematic,15925.bin,"(1, 156, 118)"
1242,15947.schematic,15947.bin,"(26, 21, 26)"
1243,15978.schematic,15978.bin,"(76, 68, 51)"
1244,15984.schematic,15984.bin,"(13, 13, 23)"
1245,15985.schematic,15985.bin,"(20, 16, 24)"
1246,16021.schematic,16021.bin,"(39, 14, 41)"
1247,16062.schematic,16062.bin,"(31, 25, 31)"
1248,16082.schematic,16082.bin,"(139, 69, 170)"
1249,16083.schematic,16083.bin,"(154, 70, 88)"
1250,16084.schematic,16084.bin,"(150, 149, 77)"
1251,16085.schematic,16085.bin,"(73, 164, 107)"
1252,16086.schematic,16086.bin,"(84, 80, 96)"
1253,16088.schematic,16088.bin,"(139, 130, 66)"
1254,16090.schematic,16090.bin,"(139, 130, 66)"
1255,16108.schematic,16108.bin,"(46, 7, 41)"
1256,16137.schematic,16137.bin,"(57, 67, 45)"
1257,16151.schematic,16151.bin,"(21, 36, 18)"
1258,16169.schematic,16169.bin,"(17, 9, 29)"
1259,16171.schematic,16171.bin,"(37, 31, 32)"
1260,16172.schematic,16172.bin,"(52, 48, 56)"
1261,16193.schematic,16193.bin,"(11, 63, 57)"
1262,16195.schematic,16195.bin,"(64, 40, 64)"
1263,16283.schematic,16283.bin,"(16, 23, 33)"
1264,16287.schematic,16287.bin,"(16, 23, 16)"
1265,16289.schematic,16289.bin,"(18, 14, 30)"
1266,16295.schematic,16295.bin,"(14, 7, 13)"
1267,16307.schematic,16307.bin,"(7, 4, 4)"
1268,16333.schematic,16333.bin,"(11, 9, 18)"
1269,16342.schematic,16342.bin,"(63, 35, 62)"
1270,16347.schematic,16347.bin,"(13, 30, 13)"
1271,16358.schematic,16358.bin,"(1, 53, 51)"
1272,16360.schematic,16360.bin,"(32, 64, 29)"
1273,16361.schematic,16361.bin,"(32, 64, 29)"
1274,16396.schematic,16396.bin,"(47, 38, 46)"
1275,16397.schematic,16397.bin,"(36, 21, 37)"
1276,16398.schematic,16398.bin,"(17, 17, 15)"
1277,16400.schematic,16400.bin,"(24, 53, 21)"
1278,16401.schematic,16401.bin,"(17, 11, 14)"
1279,16405.schematic,16405.bin,"(9, 18, 11)"
1280,16420.schematic,16420.bin,"(24, 43, 34)"
1281,16472.schematic,16472.bin,"(16, 29, 37)"
1282,16473.schematic,16473.bin,"(36, 54, 35)"
1283,16500.schematic,16500.bin,"(15, 19, 16)"
1284,16519.schematic,16519.bin,"(37, 15, 3)"
1285,16520.schematic,16520.bin,"(11, 44, 76)"
1286,16553.schematic,16553.bin,"(16, 6, 10)"
1287,16586.schematic,16586.bin,"(54, 51, 76)"
1288,16672.schematic,16672.bin,"(24, 20, 24)"
1289,16872.schematic,16872.bin,"(38, 52, 74)"
1290,16878.schematic,16878.bin,"(17, 12, 23)"
1291,16879.schematic,16879.bin,"(17, 12, 21)"
1292,16928.schematic,16928.bin,"(49, 58, 59)"
1293,16937.schematic,16937.bin,"(19, 33, 41)"
1294,16938.schematic,16938.bin,"(54, 57, 35)"
1295,16953.schematic,16953.bin,"(68, 23, 68)"
1296,16954.schematic,16954.bin,"(64, 31, 64)"
1297,16955.schematic,16955.bin,"(67, 18, 67)"
1298,16956.schematic,16956.bin,"(67, 18, 67)"
1299,16988.schematic,16988.bin,"(17, 9, 15)"
1300,17029.schematic,17029.bin,"(76, 6, 41)"
1301,17136.schematic,17136.bin,"(17, 27, 17)"
1302,17152.schematic,17152.bin,"(116, 29, 55)"
1303,17167.schematic,17167.bin,"(204, 30, 15)"
1304,17226.schematic,17226.bin,"(2, 69, 58)"
1305,17227.schematic,17227.bin,"(2, 69, 58)"
1306,17270.schematic,17270.bin,"(21, 22, 18)"
1307,17285.schematic,17285.bin,"(67, 41, 80)"
1308,17291.schematic,17291.bin,"(30, 14, 17)"
1309,17296.schematic,17296.bin,"(16, 26, 27)"
1310,17324.schematic,17324.bin,"(42, 60, 9)"
1311,17330.schematic,17330.bin,"(47, 20, 32)"
1312,17332.schematic,17332.bin,"(22, 16, 36)"
1313,17333.schematic,17333.bin,"(17, 34, 19)"
1314,17345.schematic,17345.bin,"(3, 35, 44)"
1315,17346.schematic,17346.bin,"(9, 14, 10)"
1316,17347.schematic,17347.bin,"(9, 15, 9)"
1317,17348.schematic,17348.bin,"(9, 15, 9)"
1318,17349.schematic,17349.bin,"(11, 18, 11)"
1319,17415.schematic,17415.bin,"(13, 8, 13)"
1320,17416.schematic,17416.bin,"(10, 9, 7)"
1321,17425.schematic,17425.bin,"(46, 90, 45)"
1322,17501.schematic,17501.bin,"(31, 16, 32)"
1323,17512.schematic,17512.bin,"(18, 29, 34)"
1324,17651.schematic,17651.bin,"(246, 1, 184)"
1325,17792.schematic,17792.bin,"(14, 14, 13)"
1326,17827.schematic,17827.bin,"(75, 39, 95)"
1327,17834.schematic,17834.bin,"(27, 16, 13)"
1328,17850.schematic,17850.bin,"(29, 11, 53)"
1329,17914.schematic,17914.bin,"(88, 20, 103)"
1330,17950.schematic,17950.bin,"(3, 248, 3)"
1331,17961.schematic,17961.bin,"(22, 36, 19)"
1332,18127.schematic,18127.bin,"(21, 28, 15)"
1333,18304.schematic,18304.bin,"(125, 145, 199)"
1334,18305.schematic,18305.bin,"(279, 148, 269)"
1335,18327.schematic,18327.bin,"(41, 67, 40)"
1336,18577.schematic,18577.bin,"(26, 24, 35)"
1337,3708.schematic,3708.bin,"(47, 17, 43)"
1338,3792.schematic,3792.bin,"(23, 20, 74)"
1339,3798.schematic,3798.bin,"(14, 8, 10)"
1340,3874.schematic,3874.bin,"(18, 29, 19)"
1341,3884.schematic,3884.bin,"(26, 7, 20)"
1342,3886.schematic,3886.bin,"(17, 35, 20)"
1343,3935.schematic,3935.bin,"(18, 1, 20)"
1344,3936.schematic,3936.bin,"(8, 5, 15)"
1345,4093.schematic,4093.bin,"(1, 55, 52)"
1346,4117.schematic,4117.bin,"(1, 40, 38)"
1347,4118.schematic,4118.bin,"(1, 47, 42)"
1348,4119.schematic,4119.bin,"(1, 55, 55)"
1349,4141.schematic,4141.bin,"(1, 35, 39)"
1350,4142.schematic,4142.bin,"(1, 45, 47)"
1351,4143.schematic,4143.bin,"(1, 56, 56)"
1352,4269.schematic,4269.bin,"(1, 29, 35)"
1353,4387.schematic,4387.bin,"(71, 89, 71)"
1354,4500.schematic,4500.bin,"(60, 30, 53)"
1355,4604.schematic,4604.bin,"(235, 90, 234)"
1356,4652.schematic,4652.bin,"(40, 70, 13)"
1357,4700.schematic,4700.bin,"(40, 13, 43)"
1358,4776.schematic,4776.bin,"(52, 6, 65)"
1359,4819.schematic,4819.bin,"(238, 97, 234)"
1360,5007.schematic,5007.bin,"(1, 38, 29)"
1361,5008.schematic,5008.bin,"(1, 51, 54)"
1362,5042.schematic,5042.bin,"(21, 59, 89)"
1363,5047.schematic,5047.bin,"(23, 34, 24)"
1364,5082.schematic,5082.bin,"(59, 16, 59)"
1365,5125.schematic,5125.bin,"(70, 69, 42)"
1366,5137.schematic,5137.bin,"(27, 26, 24)"
1367,5175.schematic,5175.bin,"(68, 31, 81)"
1368,5193.schematic,5193.bin,"(45, 14, 36)"
1369,5202.schematic,5202.bin,"(63, 112, 60)"
1370,5208.schematic,5208.bin,"(131, 55, 93)"
1371,5219.schematic,5219.bin,"(46, 44, 34)"
1372,5244.schematic,5244.bin,"(57, 1, 57)"
1373,5273.schematic,5273.bin,"(9, 19, 9)"
1374,5334.schematic,5334.bin,"(109, 22, 41)"
1375,5373.schematic,5373.bin,"(13, 14, 13)"
1376,5387.schematic,5387.bin,"(19, 28, 24)"
1377,5411.schematic,5411.bin,"(16, 18, 13)"
1378,5421.schematic,5421.bin,"(83, 42, 59)"
1379,5447.schematic,5447.bin,"(18, 25, 19)"
1380,5454.schematic,5454.bin,"(6, 7, 7)"
1381,5477.schematic,5477.bin,"(65, 9, 161)"
1382,5557.schematic,5557.bin,"(8, 7, 5)"
1383,5562.schematic,5562.bin,"(5, 4, 5)"
1384,5564.schematic,5564.bin,"(14, 8, 5)"
1385,5570.schematic,5570.bin,"(25, 21, 23)"
1386,5662.schematic,5662.bin,"(48, 26, 48)"
1387,5684.schematic,5684.bin,"(38, 34, 78)"
1388,5782.schematic,5782.bin,"(12, 10, 10)"
1389,5976.schematic,5976.bin,"(22, 24, 27)"
1390,5986.schematic,5986.bin,"(26, 12, 26)"
1391,6067.schematic,6067.bin,"(7, 5, 8)"
1392,6121.schematic,6121.bin,"(1, 38, 22)"
1393,6122.schematic,6122.bin,"(1, 34, 25)"
1394,6123.schematic,6123.bin,"(1, 54, 54)"
1395,6124.schematic,6124.bin,"(1, 35, 35)"
1396,6125.schematic,6125.bin,"(1, 45, 43)"
1397,6126.schematic,6126.bin,"(1, 56, 56)"
1398,6127.schematic,6127.bin,"(1, 37, 38)"
1399,6128.schematic,6128.bin,"(1, 48, 48)"
1400,6152.schematic,6152.bin,"(6, 6, 6)"
1401,6285.schematic,6285.bin,"(25, 37, 25)"
1402,6341.schematic,6341.bin,"(18, 4, 9)"
1403,6389.schematic,6389.bin,"(15, 11, 11)"
1404,6401.schematic,6401.bin,"(54, 39, 133)"
1405,6421.schematic,6421.bin,"(31, 25, 34)"
1406,6489.schematic,6489.bin,"(1, 30, 23)"
1407,6490.schematic,6490.bin,"(1, 42, 25)"
1408,6564.schematic,6564.bin,"(126, 17, 134)"
1409,6574.schematic,6574.bin,"(38, 27, 26)"
1410,6578.schematic,6578.bin,"(32, 15, 22)"
1411,6604.schematic,6604.bin,"(3, 16, 18)"
1412,6631.schematic,6631.bin,"(12, 10, 16)"
1413,6678.schematic,6678.bin,"(39, 31, 33)"
1414,6679.schematic,6679.bin,"(51, 39, 35)"
1415,6680.schematic,6680.bin,"(23, 52, 64)"
1416,6763.schematic,6763.bin,"(29, 25, 26)"
1417,6766.schematic,6766.bin,"(20, 16, 18)"
1418,6880.schematic,6880.bin,"(18, 19, 14)"
1419,6900.schematic,6900.bin,"(21, 26, 22)"
1420,6902.schematic,6902.bin,"(33, 49, 33)"
1421,6910.schematic,6910.bin,"(34, 26, 34)"
1422,6944.schematic,6944.bin,"(28, 57, 24)"
1423,6945.schematic,6945.bin,"(31, 21, 31)"
1424,6953.schematic,6953.bin,"(18, 25, 27)"
1425,6969.schematic,6969.bin,"(81, 6, 70)"
1426,6972.schematic,6972.bin,"(16, 28, 13)"
1427,6978.schematic,6978.bin,"(23, 27, 19)"
1428,6994.schematic,6994.bin,"(46, 100, 1)"
1429,6995.schematic,6995.bin,"(32, 31, 1)"
1430,7030.schematic,7030.bin,"(11, 16, 11)"
1431,7043.schematic,7043.bin,"(62, 28, 71)"
1432,7046.schematic,7046.bin,"(74, 69, 147)"
1433,7079.schematic,7079.bin,"(12, 5, 5)"
1434,7131.schematic,7131.bin,"(50, 66, 52)"
1435,7139.schematic,7139.bin,"(7, 9, 1)"
1436,7142.schematic,7142.bin,"(30, 9, 30)"
1437,7144.schematic,7144.bin,"(45, 42, 43)"
1438,7157.schematic,7157.bin,"(10, 20, 10)"
1439,7165.schematic,7165.bin,"(131, 13, 203)"
1440,7175.schematic,7175.bin,"(129, 1, 129)"
1441,7197.schematic,7197.bin,"(29, 47, 50)"
1442,7198.schematic,7198.bin,"(15, 33, 15)"
1443,7202.schematic,7202.bin,"(109, 39, 96)"
1444,7239.schematic,7239.bin,"(21, 25, 30)"
1445,7296.schematic,7296.bin,"(45, 52, 41)"
1446,7311.schematic,7311.bin,"(112, 21, 113)"
1447,7322.schematic,7322.bin,"(22, 27, 15)"
1448,7323.schematic,7323.bin,"(14, 6, 12)"
1449,7381.schematic,7381.bin,"(6, 4, 8)"
1450,7386.schematic,7386.bin,"(41, 24, 40)"
1451,7397.schematic,7397.bin,"(11, 36, 31)"
1452,7402.schematic,7402.bin,"(343, 259, 238)"
1453,7403.schematic,7403.bin,"(21, 29, 119)"
1454,7404.schematic,7404.bin,"(129, 44, 100)"
1455,7405.schematic,7405.bin,"(91, 39, 121)"
1456,7406.schematic,7406.bin,"(24, 22, 64)"
1457,7407.schematic,7407.bin,"(52, 7, 19)"
1458,7408.schematic,7408.bin,"(26, 92, 31)"
1459,7409.schematic,7409.bin,"(5, 2, 8)"
1460,7410.schematic,7410.bin,"(5, 2, 7)"
1461,7438.schematic,7438.bin,"(48, 22, 24)"
1462,7440.schematic,7440.bin,"(21, 20, 13)"
1463,7470.schematic,7470.bin,"(13, 19, 9)"
1464,7471.schematic,7471.bin,"(13, 10, 21)"
1465,7473.schematic,7473.bin,"(32, 51, 33)"
1466,7481.schematic,7481.bin,"(16, 26, 13)"
1467,7498.schematic,7498.bin,"(21, 16, 17)"
1468,7523.schematic,7523.bin,"(91, 40, 95)"
1469,7537.schematic,7537.bin,"(56, 54, 54)"
1470,7560.schematic,7560.bin,"(30, 42, 22)"
1471,7562.schematic,7562.bin,"(51, 42, 22)"
1472,7578.schematic,7578.bin,"(33, 34, 32)"
1473,7579.schematic,7579.bin,"(23, 20, 28)"
1474,7612.schematic,7612.bin,"(22, 9, 39)"
1475,7614.schematic,7614.bin,"(30, 25, 26)"
1476,7620.schematic,7620.bin,"(17, 11, 20)"
1477,7621.schematic,7621.bin,"(27, 92, 27)"
1478,7622.schematic,7622.bin,"(28, 28, 37)"
1479,7626.schematic,7626.bin,"(47, 43, 29)"
1480,7649.schematic,7649.bin,"(216, 119, 219)"
1481,7650.schematic,7650.bin,"(22, 34, 22)"
1482,7686.schematic,7686.bin,"(92, 109, 97)"
1483,7687.schematic,7687.bin,"(24, 11, 24)"
1484,7688.schematic,7688.bin,"(30, 46, 37)"
1485,7707.schematic,7707.bin,"(24, 11, 16)"
1486,7773.schematic,7773.bin,"(17, 16, 17)"
1487,7846.schematic,7846.bin,"(26, 17, 19)"
1488,7860.schematic,7860.bin,"(21, 15, 13)"
1489,7885.schematic,7885.bin,"(27, 20, 18)"
1490,7895.schematic,7895.bin,"(7, 8, 27)"
1491,7905.schematic,7905.bin,"(20, 41, 37)"
1492,7906.schematic,7906.bin,"(11, 21, 34)"
1493,7907.schematic,7907.bin,"(15, 21, 15)"
1494,7913.schematic,7913.bin,"(3, 21, 14)"
1495,7918.schematic,7918.bin,"(3, 35, 32)"
1496,7919.schematic,7919.bin,"(5, 33, 31)"
1497,7920.schematic,7920.bin,"(20, 16, 15)"
1498,7922.schematic,7922.bin,"(3, 27, 23)"
1499,7936.schematic,7936.bin,"(39, 29, 48)"
1500,7953.schematic,7953.bin,"(32, 21, 64)"
1501,7961.schematic,7961.bin,"(15, 13, 22)"
1502,7963.schematic,7963.bin,"(37, 42, 37)"
1503,7964.schematic,7964.bin,"(2, 24, 23)"
1504,7970.schematic,7970.bin,"(29, 46, 23)"
1505,7979.schematic,7979.bin,"(9, 29, 19)"
1506,7982.schematic,7982.bin,"(5, 6, 23)"
1507,8006.schematic,8006.bin,"(49, 26, 24)"
1508,8011.schematic,8011.bin,"(49, 26, 24)"
1509,8016.schematic,8016.bin,"(37, 16, 32)"
1510,8045.schematic,8045.bin,"(49, 23, 50)"
1511,8073.schematic,8073.bin,"(40, 13, 40)"
1512,8076.schematic,8076.bin,"(81, 20, 69)"
1513,8078.schematic,8078.bin,"(18, 25, 7)"
1514,8080.schematic,8080.bin,"(33, 56, 37)"
1515,8109.schematic,8109.bin,"(209, 68, 307)"
1516,8129.schematic,8129.bin,"(11, 13, 15)"
1517,8130.schematic,8130.bin,"(7, 6, 8)"
1518,8135.schematic,8135.bin,"(27, 21, 30)"
1519,8137.schematic,8137.bin,"(31, 11, 16)"
1520,8141.schematic,8141.bin,"(26, 10, 18)"
1521,8157.schematic,8157.bin,"(12, 10, 25)"
1522,8159.schematic,8159.bin,"(12, 5, 7)"
1523,8168.schematic,8168.bin,"(8, 7, 7)"
1524,8169.schematic,8169.bin,"(16, 14, 19)"
1525,8183.schematic,8183.bin,"(19, 13, 13)"
1526,8206.schematic,8206.bin,"(35, 37, 33)"
1527,8207.schematic,8207.bin,"(18, 13, 14)"
1528,8214.schematic,8214.bin,"(12, 16, 12)"
1529,8244.schematic,8244.bin,"(12, 7, 11)"
1530,8247.schematic,8247.bin,"(5, 4, 13)"
1531,8248.schematic,8248.bin,"(4, 4, 5)"
1532,8249.schematic,8249.bin,"(27, 24, 19)"
1533,8284.schematic,8284.bin,"(11, 12, 15)"
1534,8285.schematic,8285.bin,"(11, 12, 15)"
1535,8309.schematic,8309.bin,"(21, 31, 29)"
1536,8321.schematic,8321.bin,"(19, 20, 17)"
1537,8322.schematic,8322.bin,"(35, 21, 13)"
1538,8328.schematic,8328.bin,"(27, 39, 31)"
1539,8332.schematic,8332.bin,"(75, 77, 48)"
1540,8345.schematic,8345.bin,"(16, 19, 32)"
1541,8346.schematic,8346.bin,"(15, 20, 11)"
1542,8357.schematic,8357.bin,"(13, 5, 7)"
1543,8368.schematic,8368.bin,"(64, 65, 64)"
1544,8369.schematic,8369.bin,"(49, 19, 38)"
1545,8371.schematic,8371.bin,"(267, 40, 347)"
1546,8372.schematic,8372.bin,"(49, 33, 48)"
1547,8384.schematic,8384.bin,"(64, 45, 64)"
1548,8388.schematic,8388.bin,"(46, 86, 47)"
1549,8389.schematic,8389.bin,"(46, 86, 47)"
1550,8390.schematic,8390.bin,"(63, 50, 39)"
1551,8391.schematic,8391.bin,"(67, 22, 63)"
1552,8392.schematic,8392.bin,"(95, 20, 62)"
1553,8393.schematic,8393.bin,"(33, 21, 61)"
1554,8408.schematic,8408.bin,"(64, 82, 64)"
1555,8409.schematic,8409.bin,"(64, 64, 64)"
1556,8417.schematic,8417.bin,"(24, 18, 31)"
1557,8419.schematic,8419.bin,"(9, 12, 12)"
1558,8427.schematic,8427.bin,"(103, 107, 102)"
1559,8428.schematic,8428.bin,"(27, 18, 27)"
1560,8430.schematic,8430.bin,"(108, 95, 35)"
1561,8434.schematic,8434.bin,"(10, 16, 9)"
1562,8435.schematic,8435.bin,"(11, 13, 15)"
1563,8438.schematic,8438.bin,"(11, 26, 12)"
1564,8445.schematic,8445.bin,"(9, 15, 30)"
1565,8448.schematic,8448.bin,"(21, 10, 10)"
1566,8452.schematic,8452.bin,"(99, 116, 100)"
1567,8475.schematic,8475.bin,"(12, 10, 12)"
1568,8478.schematic,8478.bin,"(32, 19, 26)"
1569,8480.schematic,8480.bin,"(12, 12, 13)"
1570,8486.schematic,8486.bin,"(62, 43, 62)"
1571,8493.schematic,8493.bin,"(11, 40, 37)"
1572,8498.schematic,8498.bin,"(26, 21, 26)"
1573,8507.schematic,8507.bin,"(20, 22, 28)"
1574,8513.schematic,8513.bin,"(26, 17, 24)"
1575,8532.schematic,8532.bin,"(45, 22, 46)"
1576,8543.schematic,8543.bin,"(150, 150, 150)"
1577,8544.schematic,8544.bin,"(22, 25, 20)"
1578,8548.schematic,8548.bin,"(11, 19, 15)"
1579,8559.schematic,8559.bin,"(47, 87, 50)"
1580,8571.schematic,8571.bin,"(19, 23, 18)"
1581,8572.schematic,8572.bin,"(10, 19, 17)"
1582,8603.schematic,8603.bin,"(35, 16, 44)"
1583,8610.schematic,8610.bin,"(68, 21, 56)"
1584,8611.schematic,8611.bin,"(143, 86, 143)"
1585,8612.schematic,8612.bin,"(94, 180, 96)"
1586,8628.schematic,8628.bin,"(17, 19, 13)"
1587,8637.schematic,8637.bin,"(11, 2, 4)"
1588,8641.schematic,8641.bin,"(7, 7, 8)"
1589,8648.schematic,8648.bin,"(5, 6, 7)"
1590,8656.schematic,8656.bin,"(29, 37, 49)"
1591,8658.schematic,8658.bin,"(14, 9, 18)"
1592,8660.schematic,8660.bin,"(5, 5, 8)"
1593,8661.schematic,8661.bin,"(1, 2, 2)"
1594,8665.schematic,8665.bin,"(47, 25, 47)"
1595,8666.schematic,8666.bin,"(4, 1, 5)"
1596,8692.schematic,8692.bin,"(80, 23, 18)"
1597,8702.schematic,8702.bin,"(15, 42, 9)"
1598,8703.schematic,8703.bin,"(13, 40, 41)"
1599,8704.schematic,8704.bin,"(21, 15, 17)"
1600,8743.schematic,8743.bin,"(65, 35, 77)"
1601,8753.schematic,8753.bin,"(13, 14, 12)"
1602,8759.schematic,8759.bin,"(17, 13, 22)"
1603,8776.schematic,8776.bin,"(1, 160, 240)"
1604,8794.schematic,8794.bin,"(128, 1, 128)"
1605,8795.schematic,8795.bin,"(18, 34, 41)"
1606,8824.schematic,8824.bin,"(29, 12, 22)"
1607,8826.schematic,8826.bin,"(82, 140, 150)"
1608,8831.schematic,8831.bin,"(20, 25, 20)"
1609,8834.schematic,8834.bin,"(10, 15, 4)"
1610,8838.schematic,8838.bin,"(47, 25, 47)"
1611,8845.schematic,8845.bin,"(55, 60, 1)"
1612,8847.schematic,8847.bin,"(14, 20, 15)"
1613,8848.schematic,8848.bin,"(61, 43, 38)"
1614,8852.schematic,8852.bin,"(4, 1, 5)"
1615,8853.schematic,8853.bin,"(4, 252, 4)"
1616,8862.schematic,8862.bin,"(5, 10, 5)"
1617,8868.schematic,8868.bin,"(34, 20, 29)"
1618,8916.schematic,8916.bin,"(51, 20, 73)"
1619,8919.schematic,8919.bin,"(30, 26, 28)"
1620,8924.schematic,8924.bin,"(43, 24, 37)"
1621,8927.schematic,8927.bin,"(52, 103, 54)"
1622,8939.schematic,8939.bin,"(537, 129, 396)"
1623,8951.schematic,8951.bin,"(22, 16, 42)"
1624,8955.schematic,8955.bin,"(51, 151, 51)"
1625,8956.schematic,8956.bin,"(6, 4, 6)"
1626,8957.schematic,8957.bin,"(15, 9, 9)"
1627,8958.schematic,8958.bin,"(23, 6, 23)"
1628,8959.schematic,8959.bin,"(16, 14, 18)"
1629,8960.schematic,8960.bin,"(33, 10, 26)"
1630,8961.schematic,8961.bin,"(17, 22, 1)"
1631,8962.schematic,8962.bin,"(55, 58, 31)"
1632,8963.schematic,8963.bin,"(9, 7, 17)"
1633,8964.schematic,8964.bin,"(9, 2, 9)"
1634,8965.schematic,8965.bin,"(74, 30, 99)"
1635,8966.schematic,8966.bin,"(57, 10, 38)"
1636,8967.schematic,8967.bin,"(35, 4, 37)"
1637,8968.schematic,8968.bin,"(57, 11, 37)"
1638,8969.schematic,8969.bin,"(148, 45, 117)"
1639,8970.schematic,8970.bin,"(54, 4, 39)"
1640,8971.schematic,8971.bin,"(42, 31, 55)"
1641,8972.schematic,8972.bin,"(31, 50, 31)"
1642,8973.schematic,8973.bin,"(23, 1, 23)"
1643,8974.schematic,8974.bin,"(9, 12, 13)"
1644,8975.schematic,8975.bin,"(7, 10, 6)"
1645,8976.schematic,8976.bin,"(7, 9, 12)"
1646,8977.schematic,8977.bin,"(36, 7, 15)"
1647,8979.schematic,8979.bin,"(19, 15, 16)"
1648,8982.schematic,8982.bin,"(27, 22, 21)"
1649,8983.schematic,8983.bin,"(36, 53, 33)"
1650,8995.schematic,8995.bin,"(40, 8, 15)"
1651,8996.schematic,8996.bin,"(12, 12, 9)"
1652,8997.schematic,8997.bin,"(56, 63, 31)"
1653,9005.schematic,9005.bin,"(61, 31, 37)"
1654,9006.schematic,9006.bin,"(81, 36, 51)"
1655,9007.schematic,9007.bin,"(97, 17, 97)"
1656,9009.schematic,9009.bin,"(6, 4, 7)"
1657,9010.schematic,9010.bin,"(30, 41, 30)"
1658,9018.schematic,9018.bin,"(33, 9, 33)"
1659,9022.schematic,9022.bin,"(25, 16, 21)"
1660,9024.schematic,9024.bin,"(28, 34, 132)"
1661,9041.schematic,9041.bin,"(85, 53, 94)"
1662,9047.schematic,9047.bin,"(27, 12, 27)"
1663,9054.schematic,9054.bin,"(23, 123, 29)"
1664,9072.schematic,9072.bin,"(24, 21, 32)"
1665,9081.schematic,9081.bin,"(66, 26, 60)"
1666,9082.schematic,9082.bin,"(110, 63, 77)"
1667,9083.schematic,9083.bin,"(30, 7, 30)"
1668,9087.schematic,9087.bin,"(156, 81, 194)"
1669,9088.schematic,9088.bin,"(50, 14, 93)"
1670,9089.schematic,9089.bin,"(43, 31, 36)"
1671,9090.schematic,9090.bin,"(43, 53, 52)"
1672,9092.schematic,9092.bin,"(15, 16, 14)"
1673,9094.schematic,9094.bin,"(65, 17, 65)"
1674,9109.schematic,9109.bin,"(13, 21, 13)"
1675,9110.schematic,9110.bin,"(18, 37, 26)"
1676,9113.schematic,9113.bin,"(215, 60, 368)"
1677,9114.schematic,9114.bin,"(8, 10, 6)"
1678,9119.schematic,9119.bin,"(82, 25, 81)"
1679,9121.schematic,9121.bin,"(9, 17, 9)"
1680,9128.schematic,9128.bin,"(7, 4, 9)"
1681,9129.schematic,9129.bin,"(45, 16, 43)"
1682,9144.schematic,9144.bin,"(31, 16, 31)"
1683,9145.schematic,9145.bin,"(53, 14, 54)"
1684,9146.schematic,9146.bin,"(3, 9, 10)"
1685,9147.schematic,9147.bin,"(10, 19, 29)"
1686,9154.schematic,9154.bin,"(33, 16, 16)"
1687,9156.schematic,9156.bin,"(7, 9, 16)"
1688,9160.schematic,9160.bin,"(8, 11, 13)"
1689,9163.schematic,9163.bin,"(53, 51, 3)"
1690,9165.schematic,9165.bin,"(10, 9, 9)"
1691,9167.schematic,9167.bin,"(11, 17, 11)"
1692,9168.schematic,9168.bin,"(11, 17, 11)"
1693,9169.schematic,9169.bin,"(9, 8, 9)"
1694,9170.schematic,9170.bin,"(17, 10, 16)"
1695,9175.schematic,9175.bin,"(17, 9, 17)"
1696,9176.schematic,9176.bin,"(400, 89, 400)"
1697,9182.schematic,9182.bin,"(15, 13, 13)"
1698,9187.schematic,9187.bin,"(15, 13, 9)"
1699,9189.schematic,9189.bin,"(112, 151, 3)"
1700,9195.schematic,9195.bin,"(35, 32, 35)"
1701,9199.schematic,9199.bin,"(173, 143, 132)"
1702,9200.schematic,9200.bin,"(21, 19, 33)"
1703,9201.schematic,9201.bin,"(208, 116, 126)"
1704,9212.schematic,9212.bin,"(25, 60, 25)"
1705,9219.schematic,9219.bin,"(38, 23, 52)"
1706,9221.schematic,9221.bin,"(17, 14, 16)"
1707,9223.schematic,9223.bin,"(58, 71, 58)"
1708,9227.schematic,9227.bin,"(18, 24, 1)"
1709,9228.schematic,9228.bin,"(21, 22, 18)"
1710,9229.schematic,9229.bin,"(22, 35, 19)"
1711,9232.schematic,9232.bin,"(14, 11, 14)"
1712,9233.schematic,9233.bin,"(16, 14, 16)"
1713,9234.schematic,9234.bin,"(28, 14, 34)"
1714,9235.schematic,9235.bin,"(14, 9, 15)"
1715,9237.schematic,9237.bin,"(20, 65, 28)"
1716,9238.schematic,9238.bin,"(36, 32, 3)"
1717,9243.schematic,9243.bin,"(10, 14, 10)"
1718,9244.schematic,9244.bin,"(18, 32, 26)"
1719,9249.schematic,9249.bin,"(38, 23, 87)"
1720,9250.schematic,9250.bin,"(12, 20, 17)"
1721,9251.schematic,9251.bin,"(15, 20, 19)"
1722,9256.schematic,9256.bin,"(22, 22, 30)"
1723,9257.schematic,9257.bin,"(38, 32, 29)"
1724,9258.schematic,9258.bin,"(32, 15, 20)"
1725,9260.schematic,9260.bin,"(36, 29, 30)"
1726,9261.schematic,9261.bin,"(31, 14, 26)"
1727,9263.schematic,9263.bin,"(24, 11, 21)"
1728,9276.schematic,9276.bin,"(19, 10, 16)"
1729,9282.schematic,9282.bin,"(57, 70, 35)"
1730,9283.schematic,9283.bin,"(57, 70, 35)"
1731,9288.schematic,9288.bin,"(40, 99, 40)"
1732,9289.schematic,9289.bin,"(31, 14, 39)"
1733,9293.schematic,9293.bin,"(27, 13, 32)"
1734,9299.schematic,9299.bin,"(12, 23, 23)"
1735,9303.schematic,9303.bin,"(3, 5, 5)"
1736,9304.schematic,9304.bin,"(25, 10, 25)"
1737,9312.schematic,9312.bin,"(128, 167, 155)"
1738,9316.schematic,9316.bin,"(10, 6, 9)"
1739,9317.schematic,9317.bin,"(72, 71, 32)"
1740,9318.schematic,9318.bin,"(103, 78, 75)"
1741,9325.schematic,9325.bin,"(145, 76, 145)"
1742,9330.schematic,9330.bin,"(27, 44, 31)"
1743,9331.schematic,9331.bin,"(11, 14, 13)"
1744,9336.schematic,9336.bin,"(64, 69, 76)"
1745,9346.schematic,9346.bin,"(19, 12, 19)"
1746,9347.schematic,9347.bin,"(40, 11, 26)"
1747,9349.schematic,9349.bin,"(3, 3, 5)"
1748,9350.schematic,9350.bin,"(27, 21, 26)"
1749,9365.schematic,9365.bin,"(44, 131, 44)"
1750,9366.schematic,9366.bin,"(30, 15, 29)"
1751,9368.schematic,9368.bin,"(10, 15, 10)"
1752,9379.schematic,9379.bin,"(90, 59, 89)"
1753,9380.schematic,9380.bin,"(107, 154, 107)"
1754,9381.schematic,9381.bin,"(23, 12, 15)"
1755,9382.schematic,9382.bin,"(13, 12, 11)"
1756,9383.schematic,9383.bin,"(21, 17, 14)"
1757,9384.schematic,9384.bin,"(21, 17, 13)"
1758,9385.schematic,9385.bin,"(3, 6, 3)"
1759,9386.schematic,9386.bin,"(7, 17, 7)"
1760,9387.schematic,9387.bin,"(11, 15, 15)"
1761,9388.schematic,9388.bin,"(19, 18, 16)"
1762,9389.schematic,9389.bin,"(17, 18, 26)"
1763,9390.schematic,9390.bin,"(18, 22, 25)"
1764,9393.schematic,9393.bin,"(45, 42, 58)"
1765,9396.schematic,9396.bin,"(21, 34, 21)"
1766,9399.schematic,9399.bin,"(33, 22, 33)"
1767,9406.schematic,9406.bin,"(8, 13, 6)"
1768,9407.schematic,9407.bin,"(33, 22, 31)"
1769,9412.schematic,9412.bin,"(29, 53, 26)"
1770,9413.schematic,9413.bin,"(23, 26, 22)"
1771,9421.schematic,9421.bin,"(9, 9, 22)"
1772,9422.schematic,9422.bin,"(11, 10, 10)"
1773,9424.schematic,9424.bin,"(62, 54, 5)"
1774,9426.schematic,9426.bin,"(49, 19, 29)"
1775,9427.schematic,9427.bin,"(13, 8, 16)"
1776,9437.schematic,9437.bin,"(16, 10, 15)"
1777,9440.schematic,9440.bin,"(74, 37, 74)"
1778,9444.schematic,9444.bin,"(31, 41, 30)"
1779,9445.schematic,9445.bin,"(16, 13, 19)"
1780,9446.schematic,9446.bin,"(3, 51, 52)"
1781,9452.schematic,9452.bin,"(25, 19, 25)"
1782,9462.schematic,9462.bin,"(169, 124, 157)"
1783,9466.schematic,9466.bin,"(76, 59, 3)"
1784,9467.schematic,9467.bin,"(3, 35, 58)"
1785,9474.schematic,9474.bin,"(9, 8, 5)"
1786,9476.schematic,9476.bin,"(16, 16, 16)"
1787,9480.schematic,9480.bin,"(3, 8, 82)"
1788,9485.schematic,9485.bin,"(25, 35, 25)"
1789,9491.schematic,9491.bin,"(3, 10, 13)"
1790,9492.schematic,9492.bin,"(3, 6, 3)"
1791,9493.schematic,9493.bin,"(3, 6, 3)"
1792,9494.schematic,9494.bin,"(12, 30, 12)"
1793,9495.schematic,9495.bin,"(16, 30, 12)"
1794,9496.schematic,9496.bin,"(7, 7, 1)"
1795,9497.schematic,9497.bin,"(16, 34, 10)"
1796,9501.schematic,9501.bin,"(22, 30, 20)"
1797,9505.schematic,9505.bin,"(1, 5, 31)"
1798,9513.schematic,9513.bin,"(30, 17, 23)"
1799,9521.schematic,9521.bin,"(16, 16, 21)"
1800,9522.schematic,9522.bin,"(23, 16, 16)"
1801,9528.schematic,9528.bin,"(12, 13, 15)"
1802,9530.schematic,9530.bin,"(23, 26, 23)"
1803,9539.schematic,9539.bin,"(136, 77, 64)"
1804,9547.schematic,9547.bin,"(1, 1, 5)"
1805,9554.schematic,9554.bin,"(103, 116, 27)"
1806,9555.schematic,9555.bin,"(19, 57, 62)"
1807,9559.schematic,9559.bin,"(68, 53, 65)"
1808,9562.schematic,9562.bin,"(36, 43, 40)"
1809,9563.schematic,9563.bin,"(95, 92, 46)"
1810,9564.schematic,9564.bin,"(27, 36, 27)"
1811,9565.schematic,9565.bin,"(43, 25, 51)"
1812,9566.schematic,9566.bin,"(18, 14, 17)"
1813,9571.schematic,9571.bin,"(17, 14, 28)"
1814,9577.schematic,9577.bin,"(45, 6, 15)"
1815,9579.schematic,9579.bin,"(57, 66, 17)"
1816,9587.schematic,9587.bin,"(18, 20, 17)"
1817,9588.schematic,9588.bin,"(193, 75, 195)"
1818,9589.schematic,9589.bin,"(36, 22, 36)"
1819,9591.schematic,9591.bin,"(25, 12, 25)"
1820,9598.schematic,9598.bin,"(27, 12, 27)"
1821,9599.schematic,9599.bin,"(52, 41, 39)"
1822,9624.schematic,9624.bin,"(24, 9, 26)"
1823,9627.schematic,9627.bin,"(41, 32, 64)"
1824,9638.schematic,9638.bin,"(17, 13, 14)"
1825,9647.schematic,9647.bin,"(33, 50, 1)"
1826,9652.schematic,9652.bin,"(28, 27, 1)"
1827,9653.schematic,9653.bin,"(33, 22, 1)"
1828,9654.schematic,9654.bin,"(32, 32, 1)"
1829,9658.schematic,9658.bin,"(16, 30, 16)"
1830,9668.schematic,9668.bin,"(31, 42, 23)"
1831,9669.schematic,9669.bin,"(9, 26, 65)"
1832,9671.schematic,9671.bin,"(39, 154, 38)"
1833,9673.schematic,9673.bin,"(57, 50, 53)"
1834,9675.schematic,9675.bin,"(21, 22, 24)"
1835,9676.schematic,9676.bin,"(57, 76, 60)"
1836,9678.schematic,9678.bin,"(27, 46, 53)"
1837,9686.schematic,9686.bin,"(14, 12, 14)"
1838,9687.schematic,9687.bin,"(14, 16, 14)"
1839,9696.schematic,9696.bin,"(217, 214, 3)"
1840,9708.schematic,9708.bin,"(17, 186, 34)"
1841,9715.schematic,9715.bin,"(128, 167, 155)"
1842,9716.schematic,9716.bin,"(30, 43, 16)"
1843,9723.schematic,9723.bin,"(28, 22, 15)"
1844,9725.schematic,9725.bin,"(57, 44, 57)"
1845,9727.schematic,9727.bin,"(26, 23, 62)"
1846,9728.schematic,9728.bin,"(26, 20, 35)"
1847,9729.schematic,9729.bin,"(14, 20, 16)"
1848,9732.schematic,9732.bin,"(22, 84, 38)"
1849,9735.schematic,9735.bin,"(40, 13, 35)"
1850,9737.schematic,9737.bin,"(30, 23, 27)"
1851,9743.schematic,9743.bin,"(17, 14, 28)"
1852,9749.schematic,9749.bin,"(115, 13, 50)"
1853,9750.schematic,9750.bin,"(34, 29, 2)"
1854,9752.schematic,9752.bin,"(21, 19, 20)"
1855,9765.schematic,9765.bin,"(134, 67, 106)"
1856,9773.schematic,9773.bin,"(130, 126, 73)"
1857,9776.schematic,9776.bin,"(12, 6, 10)"
1858,9792.schematic,9792.bin,"(17, 6, 4)"
1859,9793.schematic,9793.bin,"(5, 4, 14)"
1860,9804.schematic,9804.bin,"(12, 23, 25)"
1861,9826.schematic,9826.bin,"(8, 13, 5)"
1862,9833.schematic,9833.bin,"(42, 42, 1)"
1863,9847.schematic,9847.bin,"(1, 40, 38)"
1864,9848.schematic,9848.bin,"(18, 5, 7)"
1865,9850.schematic,9850.bin,"(15, 23, 18)"
1866,9866.schematic,9866.bin,"(14, 13, 18)"
1867,9869.schematic,9869.bin,"(3, 74, 51)"
1868,9870.schematic,9870.bin,"(60, 92, 62)"
1869,9880.schematic,9880.bin,"(47, 49, 2)"
1870,9881.schematic,9881.bin,"(18, 16, 54)"
1871,9883.schematic,9883.bin,"(1, 15, 16)"
1872,9884.schematic,9884.bin,"(1, 41, 16)"
1873,9896.schematic,9896.bin,"(5, 4, 5)"
1874,9911.schematic,9911.bin,"(11, 21, 11)"
1875,9925.schematic,9925.bin,"(58, 62, 91)"
1876,9935.schematic,9935.bin,"(19, 19, 26)"
1877,9959.schematic,9959.bin,"(47, 54, 47)"
1878,9973.schematic,9973.bin,"(9, 3, 5)"
1879,9979.schematic,9979.bin,"(112, 59, 130)"
1880,9997.schematic,9997.bin,"(73, 38, 73)"
1881,9999.schematic,9999.bin,"(20, 35, 19)"
